3Peak,LMV331TP-TR,http://www.3peakic.com.cn/Public/Uploads/files/LMV331TP-LMV393TP.pdf
Alpha_Omega,AO3400A,http://aosmd.com/pdfs/datasheet/AO3400A.pdf
Alpha_Omega,AO3401A,http://aosmd.com/pdfs/datasheet/AO3401A.pdf
Alpha_Omega,AOZ1282CI,http://aosmd.com/pdfs/datasheet/AOZ1282CI.pdf
Alpha_Omega,AOZ1283PI,http://aosmd.com/pdfs/datasheet/AOZ1283PI.pdf
Alpha_Omega,AOZ1284PI,http://aosmd.com/pdfs/datasheet/AOZ1284PI.pdf
Altinkaya,BH-321-1-P24,https://www.altinkaya.com.tr/documents/BH-321.pdf
Altinkaya,DM-014,https://www.altinkaya.com.tr/documents/DM-014.pdf
Altinkaya,DM-021-A,https://www.altinkaya.com.tr/documents/DM-021-A.pdf
Altinkaya,HH-030,https://www.altinkaya.com.tr/documents/HH-030-0.pdf
Altinkaya,HH-044,https://www.altinkaya.com.tr/documents/HH-044_pdf.zip
Altinkaya,LG-130,https://www.altinkaya.com.tr/documents/ayakli_led_cubuklari.pdf
Altinkaya,LG-2325,https://www.altinkaya.com.tr/documents/LG-2000.pdf
Altinkaya,LG-25,https://www.altinkaya.com.tr/documents/3mm_duz_led.pdf
Altinkaya,RC-040,https://www.altinkaya.com.tr/documents/RC-040-0-0-S-0.pdf
Altinkaya,RM-110-14,https://www.altinkaya.com.tr/web/content/313021
Altinkaya,RT-204,https://www.altinkaya.com.tr/documents/RT-204.pdf
Altinkaya,RT-209,https://www.altinkaya.com.tr/documents/RT-209.pdf
Altinkaya,SE-205,https://www.altinkaya.com.tr/documents/SE-205.pdf
AltÄ±nkaya,OP-358-A,https://www.altinkaya.com.tr/documents/OP-358.pdf
Amphenol,L17H2110131,https://cdn.amphenol-icc.com/media/wysiwyg/files/documentation/datasheet/cmio/l17h_stacked_dsub.pdf
Analog_Devices,ADE7758ARWZ,https://www.analog.com/media/en/technical-documentation/data-sheets/ADE7758.pdf
Analog_Devices,ADM2483BRWZ-REEL,https://www.analog.com/media/en/technical-documentation/data-sheets/ADM2483.pdf
Aosong,AM2301,https://cdn-shop.adafruit.com/product-files/5181/5181_AM2301B.pdf
Aosong,AM2303,https://cdn-shop.adafruit.com/datasheets/DHT22.pdf
Belfuse,0ZCG0050AF2C,https://belfuse.com/resources/datasheets/circuitprotection/ds-cp-0zcg-series.pdf
Belfuse,0ZRC0300FF1A,https://belfuse.com/resources/datasheets/circuitprotection/ds-cp-0zrc-series.pdf
Born,0402ESDA-05N,https://datasheet.lcsc.com/lcsc/2304140030_BORN-0402ESDA-05N_C316049.pdf
Bosch,BMA400,https://www.bosch-sensortec.com/media/boschsensortec/downloads/datasheets/bst-bma400-ds000.pdf
Bourns,2035-09-SM-RPLF,https://www.bourns.com/data/global/pdfs/2035-xx-SM.pdf
Bourns,2036-09-SM-RPLF,https://www.bourns.com/data/global/pdfs/2036-xx-SM.pdf
Bourns,CDSOT23-SM712,https://www.bourns.com/pdfs/CDSOT23-SM712.pdf
Bourns,MF-MSMF150/24X-2,https://www.bourns.com/data/global/pdfs/mfmsmf.pdf
Bourns,MF-NSMF012-2,https://www.bourns.com/pdfs/mfnsmf.pdf
Bourns,MOV-07D470K,https://www.bourns.com/data/global/pdfs/MOV07D.pdf
Bourns,TBU-CA065-200-WH,https://www.bourns.com/data/global/pdfs/TBU-CA.pdf
Bright_Led,BL-C9/I-41K,https://www.americanbrightled.com/pdffiles/led-components/through-hole/BL-C9-I-41K.pdf
Changjiang,MMBT3904,http://www.tocosc.com/theme/default/ggs/es/4cd/MMBT3904.pdf
Coilmx,MPA6045S-101M,http://www.coilmx.com/dadianliudianganxilie/30-3.html
Connfly,DS1021-1X12SF11-B,http://en.connfly.com/static/upload/file/pdf/DS1021.pdf
Connfly,DS1021-1X2SF11-B,http://en.connfly.com/static/upload/file/pdf/DS1021.pdf
Connfly,DS1021-1X3SF11-B,http://en.connfly.com/static/upload/file/pdf/DS1021.pdf
Connfly,DS1021-1X40SF11-B,http://en.connfly.com/static/upload/file/pdf/DS1021.pdf
Connfly,DS1021-1X4SF11,http://en.connfly.com/static/upload/file/pdf/DS1021.pdf
Connfly,DS1021-1X4SF11-B,http://en.connfly.com/static/upload/file/pdf/DS1021.pdf
Connfly,DS1023-1X3SF11,http://en.connfly.com/static/upload/file/pdf/DS1023.pdf
Connfly,DS1037-09FNAKT74,http://en.connfly.com/static/upload/file/pdf/DS1037.pdf
Connfly,DS1037-09MNAKT74,http://en.connfly.com/static/upload/file/pdf/DS1037.pdf
Connfly,DS1040-04RT,http://en.connfly.com/static/upload/file/pdf/DS1040.pdf
Connfly,DS1040-06RN,http://en.connfly.com/static/upload/file/pdf/DS1040.pdf
Connfly,DS1040-06RT,http://en.connfly.com/static/upload/file/pdf/DS1040.pdf
Connfly,DS1040-08RN,http://en.connfly.com/static/upload/file/pdf/DS1040.pdf
Connfly,DS1042-03-1-1-KKR-250-10,http://en.connfly.com/static/upload/file/pdf/DS1042-03.pdf
Connfly,DS1092-04-B6P,http://en.connfly.com/static/upload/file/pdf/DS1092-04.pdf
Connfly,DS1133-03-S60BX,http://en.connfly.com/static/upload/file/pdf/DS1133.pdf
Connfly,DS1134-05-S80BX,http://en.connfly.com/static/upload/file/pdf/DS1134-05.pdf
Core_Master,NR6028-470M,https://www.coremaster.com.tw/Templates/att/Shielded%20SMD%20Power%20Inductors%20for%20NR6028.pdf?lng=en
Core_Master,SRI1204-100M,https://www.coremaster.com.tw/Templates/att/Shielded%20SMD%20Power%20Inductors%20for%20SRI1204.pdf
Core_Master,SRI1204-220M,https://www.coremaster.com.tw/Templates/att/Shielded%20SMD%20Power%20Inductors%20for%20SRI1204.pdf
Core_Master,SRI1207-680M,https://www.coremaster.com.tw/Templates/att/Shielded%20SMD%20Power%20Inductors%20for%20SRI1207.pdf
Core_Master,WCB2012-900Y-N,https://www.coremaster.com.tw/Templates/att/SMD%20Common%20Mode%20EMI%20Filter%20for%20WCB2012.pdf
Cvilux,CJ48882110A,https://www.cvilux.com/uploads/drawings/100/270/CJ4801S.pdf
Cvilux,CJ48882210,https://www.cvilux.com/uploads/drawings/100/270/CJ4801S.pdf
Cypress,FM25CL64B-GTR,https://www.cypress.com/file/41676/download
Cypress,S25FL064LABMFI013,https://www.cypress.com/file/316661/download
Degson,15EDGK-3.81-02P-14-00SH,https://enoss.degson.com/upload/file/20210313/10010000189/15EDGK-3.81-XXP-1Y-00A(H)-l.pdf
Degson,15EDGK-3.81-03P-14-00SH,https://enoss.degson.com/upload/file/20210313/10010000189/15EDGK-3.81-XXP-1Y-00A(H)-l.pdf
Degson,15EDGK-3.81-06P-14-00SH,https://enoss.degson.com/upload/file/20210313/10010000189/15EDGK-3.81-XXP-1Y-00A(H)-l.pdf
Degson,15EDGK-3.81-08P-14-00SH,https://enoss.degson.com/upload/file/20210313/10010000189/15EDGK-3.81-XXP-1Y-00A(H)-l.pdf
Degson,15EDGRC-3.81-02P-14-00SH,https://enoss.degson.com/upload/file/20210313/10030000179/15EDGRC-3.81-XXP-1Y-00A(H)T0-1.pdf
Degson,15EDGRC-3.81-03P-14-00SH,https://enoss.degson.com/upload/file/20210313/10030000179/15EDGRC-3.81-XXP-1Y-00A(H)T0-1.pdf
Degson,15EDGRC-3.81-06P-14-00SH,https://enoss.degson.com/upload/file/20210313/10030000179/15EDGRC-3.81-XXP-1Y-00A(H)T0-1.pdf
Degson,15EDGRC-3.81-08P-14-00SH,https://enoss.degson.com/upload/file/20210313/10030000179/15EDGRC-3.81-XXP-1Y-00A(H)T0-1.pdf
Degson,15EDGVC-3.81-06P-14-00SH,https://enoss.degson.com/upload/file/20210313/10030000753/15EDGVC-3.81-XXP-1Y-00A(H)T0-1.pdf
Degson,2EDGK-5.08-02P-11-00SH,https://enoss.degson.com/upload/file/20210313/10010001162/2EDGK-5.08-XXP-1Y-1000A(H)-l.pdf
Degson,2EDGK-5.08-04P-14-00SH,https://enoss.degson.com/upload/file/20210313/10010001162/2EDGK-5.08-XXP-1Y-1000A(H)-l.pdf
Degson,2EDGRC-5.08-02P-11-00SH,https://enoss.degson.com/upload/file/20210313/10030001535/2EDGRC-5.08-XXP-1Y-100A(H)T0-1.pdf
Degson,2EDGRC-5.08-04P-14-00SH,https://enoss.degson.com/upload/file/20210313/10030001535/2EDGRC-5.08-XXP-1Y-100A(H)T0-1.pdf
Denk_Elec,DK511-1X13ST,https://cdn.ozdisan.com/ETicaret_Dosya/649048_157250.PDF
Diodes,AP2331W-7,https://www.diodes.com/assets/Datasheets/AP2331.pdf
Diodes,AP7375-33W5-7,https://www.diodes.com/assets/Datasheets/AP7375.pdf
Diodes,APX811-29UG-7,https://www.diodes.com/assets/Datasheets/APX811_812.pdf
Diodes,AZ1117IH-3.3TRG1,https://www.diodes.com/assets/Datasheets/AZ1117I.pdf
Diodes,BSS84-7-F,https://www.diodes.com/assets/Datasheets/BSS84.pdf
Diodes,DMG1012T-7,https://www.diodes.com/assets/Datasheets/ds31783.pdf
Diodes,DMMT5401-7-F,https://www.diodes.com/assets/Datasheets/ds30437.pdf
Diodes,PAM2306DYPAA,https://www.diodes.com/assets/Datasheets/PAM2306.pdf
Diptronics,TA3-4E2A-V-T/R,http://www.dip.com.tw/en/en-product-information/en-switch004/item/download/3208_1ea5f6b476f401a7c0057d985fe2007b
DNK,503448,https://www.dnkpower.com/ultra-thin-battery/
Ecyberspaces,7-25,http://ecyberspaces.com/productsview.asp?id=10770
Ecyberspaces,7-25-BL,http://ecyberspaces.com/productsview.asp?id=10770
EEMB,CR2032-EEMB,https://eemb.com/public/image/download/CR2032.pdf
EEMB,CR2032-EEMB,https://www.eemb.com/public/image/download/CR2032.pdf
Epson,Q22FA12800393,https://support.epson.biz/td/api/doc_check.php?dl=app_FA-128&lang=en
Espressif,ESP32-D0WD-V3,https://www.espressif.com/sites/default/files/documentation/esp32_datasheet_en.pdf
Fanso,ER14505H,https://www.fansobattery.com/uploads/soft/enpdf/er14505h.pdf
Faratronic,C43Q1102K40C450,http://files.faratronic.com/book/MKP63(C43).pdf
Fenghua,0402CG101J500NT,https://datasheet.lcsc.com/lcsc/1810151218_FH-Guangdong-Fenghua-Advanced-Tech-0402CG101J500NT_C1546.pdf
Fenghua,0402CG1R0C500NT,https://datasheet.lcsc.com/lcsc/1811141710_FH-Guangdong-Fenghua-Advanced-Tech-0402CG1R0C500NT_C1550.pdf
Finewe,FW-ZX-0.5x13x4,https://www.aliexpress.com/item/1005002957390554.html
Foryard,FYL-3014YD1A-TR13,https://cetest02.cn-bj.ufileos.com/100001_2003185297/6%20FYL-3014YD1A.pdf
Foshan_Nation_Star,NCD0805R1,https://datasheet.lcsc.com/lcsc/2008201032_Foshan-NationStar-Optoelectronics-NCD0805R1_C84256.pdf
Fuzetec,FRX160-90F,https://www.fuzetec.com/upload/download/App%20FRX90V%20Series%20%5BVer.9%5D.pdf
Fuzetec,FRX300-90F,https://www.fuzetec.com/upload/download/App%20FRX90V%20Series%20%5BVer.9%5D.pdf
Fuzetec,FSMD012-1206-R,https://www.fuzetec.com/upload/download/App%20FSMD%201206%20R(-R)%20Series%20%5bVer.B2%5d.pdf
Fuzetec,FSMD050-30-R,http://www.fuzetec.com/upload/download/App%20FSMD%201812%20R(-R)%20Series%20%5BVer.B4%5D.pdf
Fuzetec,FSMD075-33R,http://www.fuzetec.com/upload/download/App%20FSMD%201812%20R(-R)%20Series%20%5BVer.B4%5D.pdf
Fuzetec,FSMD110-33R,http://www.fuzetec.com/upload/download/App%20FSMD%201812%20R(-R)%20Series%20%5BVer.B4%5D.pdf
Fuzetec,FSMD150-12R,https://www.fuzetec.com/upload/download/App%20FSMD%20Series%20%5BVer.D4%5D.pdf
Fuzetec,FSMD185-2920-R,https://www.fuzetec.com/upload/download/App%20FSMD%202920%20R(-R)%20Series%20%5BVer.B6%5D.pdf
Fuzetec,FSMD200-24-2920-R,https://www.fuzetec.com/upload/download/App%20FSMD%202920%20R(-R)%20Series%20%5BVer.B6%5D.pdf
G-Switch,GT-TC171A-H014-L1,https://www.dg-switch.com/uploads/soft/190720/GT-TX171X-H014-LX.pdf
G-Switch,MK-12C02-G025,https://datasheet.lcsc.com/lcsc/2009021103_G-Switch-MK-12C02-G025_C778186.pdf
Gaosong,15EDGK-3.5-02P-14-00SH,https://enoss.degson.com/upload/file/20210313/10010000035/15EDGK-3.5-XXP-1Y-00A(H)-l.pdf
Gaosong,15EDGK-3.5-03P-14-00SH,https://enoss.degson.com/upload/file/20210313/10010000035/15EDGK-3.5-XXP-1Y-00A(H)-l.pdf
Gaosong,15EDGK-3.5-04P-14-00SH,https://enoss.degson.com/upload/file/20210313/10010000035/15EDGK-3.5-XXP-1Y-00A(H)-l.pdf
Gaosong,15EDGK-3.5-06P-14-00SH,https://enoss.degson.com/upload/file/20210313/10010000035/15EDGK-3.5-XXP-1Y-00A(H)-l.pdf
Gaosong,15EDGK-3.5-10P-14-00SH,https://enoss.degson.com/upload/file/20210313/10010000035/15EDGK-3.5-XXP-1Y-00A(H)-l.pdf
Gaosong,15EDGK-3.81-04P-14-00SH,https://enoss.degson.com/upload/file/20210313/10010000189/15EDGK-3.81-XXP-1Y-00A(H)-l.pdf
Gaosong,15EDGK-3.81-05P-14-00SH,https://enoss.degson.com/upload/file/20210313/10010000189/15EDGK-3.81-XXP-1Y-00A(H)-l.pdf
Gaosong,15EDGRC-3.5-02P-14-00SH,https://www.degson.com/index.php?a=downloadFile&id=4216651&name=%27ZmlsZTQ=%27&lang=en
Gaosong,15EDGRC-3.5-03P-14-00SH,https://www.degson.com/index.php?a=downloadFile&id=4216651&name=%27ZmlsZTQ=%27&lang=en
Gaosong,15EDGRC-3.5-04P-14-00SH,https://www.degson.com/index.php?a=downloadFile&id=4216651&name=%27ZmlsZTQ=%27&lang=en
Gaosong,15EDGRC-3.5-06P-14-00SH,https://www.degson.com/index.php?a=downloadFile&id=4216651&name=%27ZmlsZTQ=%27&lang=en
Gaosong,15EDGRC-3.5-10P-14-10SH,https://www.degson.com/index.php?a=downloadFile&id=4216651&name=%27ZmlsZTQ=%27&lang=en
Gaosong,15EDGRC-3.81-04P-14-00SH,https://enoss.degson.com/upload/file/20210313/10030000179/15EDGRC-3.81-XXP-1Y-00A(H)T0-1.pdf
Gaosong,15EDGRC-3.81-05P-14-00SH,https://enoss.degson.com/upload/file/20210313/10030000179/15EDGRC-3.81-XXP-1Y-00A(H)T0-1.pdf
Gaosong,2EDGK-5.08-03P-14-00SH,https://enoss.degson.com/upload/file/20210313/10010001162/2EDGK-5.08-XXP-1Y-1000A(H)-l.pdf
Gaosong,2EDGRC-5.08-03P-14-00SH,https://enoss.degson.com/upload/file/20210313/10030001535/2EDGRC-5.08-XXP-1Y-100A(H)T0-1.pdf
Hanrun,HR911105A,http://www.hanrun.com/public/upload/down/2020/09-11/cc11be56d66bb63d5f1eeb85492439c0.pdf
Hanrun,HR913550A,https://datasheet.lcsc.com/lcsc/1811141123_HANRUN-Zhongshan-HanRun-Elec-HR913550A_C163507.pdf
Hirose,DF3EA-2P-2H(21),https://www.hirose.com/en/product/document?clcode=CL0543-0329-0-21&productname=DF3EA-2P-2H(21)&series=DF3&documenttype=2DDrawing&lang=en&documentid=0001258196
Hirose,DF3EA-2P-2H(24),https://www.hirose.com/en/product/document?clcode=CL0543-0329-0-24&productname=DF3EA-2P-2H(24)&series=DF3&documenttype=2DDrawing&lang=en&documentid=0001291711
Holtek,HT7463A,https://www.holtek.com/documents/10179/116711/HT7463A_Bv190.pdf
Holtek,HT7463B,https://www.holtek.com/documents/10179/116711/HT7463A_Bv190.pdf
Hottech,SMBJ28A-HT,http://doc.hotking.com/wr/specification/specification-ch/SMBJ5.0-SMBJ440A-SMB.pdf
Hottech,SS34-HT,http://doc.hotking.com/wr/specification/specification-ch/SS32-SS320.pdf
HTC,LM2596R-5.0-HTC,http://www.htckorea.co.kr/Datasheet/Step-down/LM2596.pdf
HTC,MAX485ED-HTC,http://www.htckorea.co.kr/Datasheet/Interface/MAX485.pdf
HTC,TJ7533AGF,http://www.htckorea.co.kr/Datasheet/VLDO/TJ75xxA.pdf
Huaguan,HG811SM4/TR,http://www.hgsemi.net/upload/202308/%E5%8D%8E%E5%86%A0HG811X(%E4%B8%AD%E6%96%87)%20%20202307.pdf
Huaxin,CF4025M00012001,https://datasheet.lcsc.com/lcsc/2306211559_huaxindianzi-CF4025M00012001_C7294570.pdf
Huaxin,CM4040M00010001,https://datasheet.lcsc.com/lcsc/2306211601_huaxindianzi-CM4040M00010001_C7294659.pdf
Huaxin,DF2032K76812001,https://datasheet.lcsc.com/lcsc/2306211602_huaxindianzi-DF2032K76812001_C7294751.pdf
Hubei_Kento,17-21SUYC/TR8,https://datasheet.lcsc.com/lcsc/1806151129_Hubei-KENTO-Elec-17-21SUYC-TR8_C2296.pdf
Hubei_Kento,C2297,https://datasheet.lcsc.com/lcsc/1806151820_Hubei-KENTO-Elec-C2297_C2297.pdf
Huike,HK19F-DC5V-SHG,https://datasheet.lcsc.com/lcsc/1809091812_Ningbo-Keke-New-Era-Appliance-HK19F-DC5V-SHG-Y_C54512.pdf
Infineon,IRF7342TRPBF,https://www.infineon.com/dgdl/irf7342pbf.pdf?fileId=5546d462533600a4015355f665771b69
Infineon,IRLML6402TRPBF,https://www.infineon.com/dgdl/irlml6402pbf-1.pdf?fileId=5546d462533600a401535668dee2263e
IXYS,CPC3980ZTR,https://www.ixysic.com/home/pdfs.nsf/www/CPC3980.pdf/$file/CPC3980.pdf
IXYS,IXTA3N100D2,https://www.littelfuse.com/~/media/electronics/datasheets/discrete_mosfets/littelfuse_discrete_mosfets_n-channel_depletion_mode_ixt_3n100_datasheet.pdf.pdf
Jauch,Q0.032768-JTX310-12.5-20-T1-HMR-LF,https://www.jauch.com/downloadfile/57fdee275913a_20d22ff4fb2819939c7d/jtx310.pdf
Jauch,Q32.0-JXS21-8-10/15-T1-FU-WA-LF,https://www.jauch.com/downloadfile/5887341fd9d6d_e24753b87ed34902e36f/jxs21wa.pdf
JGHC,S3132768092070,https://datasheet.lcsc.com/lcsc/2001061508_JGHC-S3132768092070_C479190.pdf
Jiangsu_Huaneng,MLT-8530,https://datasheet.lcsc.com/lcsc/1811151451_Jiangsu-Huaneng-Elec-MLT-8530_C94599.pdf
Jing_Extension,920-E52A2021S10100,https://datasheet.lcsc.com/lcsc/2103051832_Jing-Extension-of-the-Electronic-Co--920-E52A2021S10100_C10418.pdf
JST,SM02B-SRSS-TB(LF)(SN),https://www.jst.com/wp-content/uploads/2021/01/eSH.pdf
JST,SM03B-SRSS-TB(LF)(SN),https://www.jst.com/wp-content/uploads/2021/01/eSH.pdf
JST,SM12B-SRSS-TB(LF)(SN),https://www.jst.com/wp-content/uploads/2021/01/eSH.pdf
Kemet,C0603C101F5GAC7867,https://www.kemet.com/specsheet/C0603C101F5GAC7867
Kemet,C0603C221F5GAC7867,https://www.kemet.com/specsheet/C0603C221F5GAC7867
Kemet,C0603C680F5GACTU,https://www.kemet.com/specsheet/C0603C680F5GACTU
Kemet,T491A105K016AT,https://www.kemet.com/specsheet/T491A105K016AT
Kemet,T491B106K016AT,https://www.kemet.com/specsheet/T491B106K016AT
Kemet,T491B476K010AT,https://www.kemet.com/specsheet/T491B476K010AT
Kemet,T491C226K016AT,https://www.kemet.com/specsheet/T491C226K016AT
Kemet,T491C226K025AT,https://www.kemet.com/specsheet/T491C226K025AT
Kemet,T491D227K016AT,https://www.kemet.com/specsheet/T491D227K016AT
Kemet,T495D337K006ATE050,https://www.kemet.com/specsheet/T495D337K006ATE050
Kemet,T520D107M010ATE018,https://www.kemet.com/specsheet/T520D107M010ATE018
Keystone,2993,https://www.keyelco.com/product-pdf.cfm?p=776
Keystone,5331,https://www.keyelco.com/product-pdf.cfm?p=823
Kingbright,WP7113LSECK/J3,https://www.kingbrightusa.com/images/catalog/SPEC/WP7113LSECK-J3.pdf
KLS,KLS1-151-W,https://klsele.com/admin/product_upload/20190429092737KLS1-151.pdf
KLS,KLS1-202C-10-T-B,https://www.klsele.com/admin/product_upload/20200622150255L-KLS1-202C.pdf
KLS,KLS1-203A-O-R-6.0,http://www.klsele.com/admin/product_upload/20200507162555L-KLS1-203A.pdf
KLS,KLS1-203C-C-B-3.0,https://www.klsele.com/admin/product_upload/20200507112008L-KLS1-203C.pdf
KLS,KLS1-207C-1.00-1-03-S1,https://www.klsele.com/admin/product_upload/20210820160647KLS1-207C.pdf
KLS,KLS1-207C-2.0-1-12-S,http://www.klsele.com/admin/product_upload/20201127085558KLS1-207C.pdf
KLS,KLS1-207C-2.0-1-12-S-5,https://www.klsele.com/admin/product_upload/20210820160647KLS1-207C.pdf
KLS,KLS1-AS-301-2,https://klsele.com/admin/product_upload/20120508154804KLS1-AS-301-2.pdf
KLS,KLS1-DC-005A-2.0,https://www.klsele.com/admin/product_upload/20210309085640L-KLS1-DC-005A.pdf
KLS,KLS1-SSJ3.5-007,http://www.klsele.com/admin/product_upload/2015040708481820120810085803KLS1-SSJ3.5-007.pdf
KLS,KLS12-107-8P8C-W-4-01,https://www.klsele.com/admin/product_upload/20200108112749KLS12-107-8P8C%201x1.pdf
KLS,KLS5-CR2032-243,http://www.klsele.com/admin/product_upload/20151124103945KLS5-CR2032-243.pdf
KLS,KLS7-TS6606-13.0-180,https://www.klsele.com/admin/product_upload/20120515130927KLS7-TS6606.pdf
KLS,KLS8-0103-LED-2,http://www.klsele.com/admin/product_upload/20120515085745KLS8-0101.pdf
KLS,KLS8-0121-LED-3,https://www.klsele.com/admin/product_upload/20120515093513KLS8-0121.pdf
Korchip,DCS5R5224HF,http://www.korchip.com/download.asp?path=category&filename=EDLC_Coin_DCS(T%44H).pdf
Korean_Hroparts_Elec,TYPE-C-31-M-17,http://www.krhro.com/uploads/soft/180524/1-1P524141036.pdf
Koshin,PKLH-016V221ME110-T2.5,http://www.koshin.com.cn/en/catalog.asp?titleName=KLH&ClassID=1
Koshin,PKLH-025V471MF120-T/A5.0,http://www.koshin.com.cn/en/catalog.asp?titleName=KLH&ClassID=1
Koshin,PKRM-025V331MF115-T/A5.0,http://www.koshin.com.cn/en/catalog.asp?titleName=KRM&ClassID=1
Koshin,PKRM-050V470ME110-T2.5,http://www.koshin.com.cn/en/catalog.asp?titleName=KRM&ClassID=1
Kyocera_AVX,TAJC226K016RNJ,https://spicat.kyocera-avx.com/product/tan/chartview/TAJC226K016RNJ/DataSheet/gen_taj/TAJC226_016_NJ
Kyocera_AVX,TAJC227M010RNJ,https://spicat.kyocera-avx.com/product/tan/chartview/TAJC226K016RNJ/DataSheet/gen_taj/TAJC227_010_NJ
Kyocera_AVX,TAJC476K016RNJ,https://spicat.kyocera-avx.com/product/tan/chartview/TAJC476K016RNJ/DataSheet/gen_taj/TAJC476_016_NJ
Leiditech,SM712,https://en.leiditech.com/u_file/file/products/2212/13/230169357d.pdf
Leiditech,ULC0511CDN,https://en.leiditech.com/u_file/file/products/2212/16/1ac2f97961.pdf
Leiditech,USRV05-4,https://en.leiditech.com/u_file/file/products/2212/13/392447b971.pdf
Liteon,LTST-C170KGKT,https://optoelectronics.liteon.com/upload/download/DS22-2000-073/LTST-C170KGKT.pdf
Liteon,LTST-C190KGKT,https://optoelectronics.liteon.com/upload/download/DS22-2000-074/LTST-C190KGKT.PDF
Liteon,LTST-C190KSKT,https://optoelectronics.liteon.com/upload/download/DS-22-99-0189/LTST-C190KSKT.pdf
Liteon,LTST-C191KGKT,https://optoelectronics.liteon.com/upload/download/DS22-2000-228/LTST-C191KGKT.PDF
Liteon,LTST-C930KGKT,https://optoelectronics.liteon.com/upload/download/DS22-2000-103/LTST-C930KGKT.pdf
Liteon,LTST-C930KRKT,https://optoelectronics.liteon.com/upload/download/DS22-2000-094/LTST-C930KRKT.pdf
Liteon,LTST-C930KSKT,https://optoelectronics.liteon.com/upload/download/DS22-2000-095/LTST-C930KSKT.pdf
Liteon,LTST-S220KGKT,https://optoelectronics.liteon.com/upload/download/DS22-2000-075/LTST-S220KGKT.pdf
Liteon,LTST-S220KRKT,https://optoelectronics.liteon.com/upload/download/DS22-2000-137/LTST-S220KRKT.pdf
Liteon,LTST-S220KSKT,https://optoelectronics.liteon.com/upload/download/DS22-2000-138/LTST-S220KSKT.pdf
Liteon,LTV-816S-TA1-A,https://optoelectronics.liteon.com/upload/download/DS-70-97-0013/LTV-8X6%20series.PDF
Liteon,LTV-817S-TA1-A,https://optoelectronics.liteon.com/upload/download/DS-70-96-0016/LTV-8X7%20series%20201610%20.PDF
Liteon,LTV-817S-TA1-C,https://optoelectronics.liteon.com/upload/download/DS-70-96-0016/LTV-8X7%20series%20201610%20.PDF
Littelfuse,0159002.MR,https://www.littelfuse.com/~/media/electronics/datasheets/fuses/littelfuse_fuse_159_datasheet.pdf.pdf
Littelfuse,01591.25MR,https://www.littelfuse.com/~/media/electronics/datasheets/fuses/littelfuse_fuse_159_datasheet.pdf.pdf
Littelfuse,RXEF160,https://www.littelfuse.com/media?resourcetype=datasheets&itemid=043fc226-4f0a-480e-819c-3b5a52f6b622&filename=littelfuse-ptc-radial-leaded-rxef-datasheet
Littelfuse,SLVU2.8-4BTG,https://www.littelfuse.com/~/media/electronics/datasheets/tvs_diode_arrays/littelfuse_tvs_diode_array_slvu2_8_4btg_s_datasheet.pdf.pdf
Littelfuse,SM712-02HTG,https://www.littelfuse.com/~/media/electronics/datasheets/tvs_diode_arrays/littelfuse_tvs_diode_array_sm712_datasheet.pdf.pdf
LRC,LBSS84LT1G,http://www.lrc.cn/Upload/PDF/Product/MOS/LBSS84LT1G.pdf
Maxim,DS3231SN#T&R,https://datasheets.maximintegrated.com/en/ds/DS3231.pdf
Maxim,MAX14575ALETA+,https://datasheets.maximintegrated.com/en/ds/MAX14575A-MAX14575C.pdf
Maxim,MAX3232ESE+T,https://datasheets.maximintegrated.com/en/ds/MAX3222E-MAX3246E.pdf
Maxim,MAX485ESA+T,https://datasheets.maximintegrated.com/en/ds/MAX1487-MAX491.pdf
Maxim,MAX6369KA+T,https://datasheets.maximintegrated.com/en/ds/MAX6369-MAX6374.pdf
Maxlinear,SP3243EBEY-L,https://www.maxlinear.com/ds/sp3243e.pdf
Maxlinear,SP708TEN-L/TR,https://assets.maxlinear.com/web/documents/sp706r_sp706s_sp706t_sp708s_sp708t.pdf
MDD,SS14,http://www.microdiode.com/pdf/SS12-THRU-SS1200-SMAJ.pdf
Microchip,AR1100-I/SS,https://ww1.microchip.com/downloads/en/DeviceDoc/41606B.pdf
Microchip,AT24C02C-SSHM-T,https://ww1.microchip.com/downloads/en/DeviceDoc/AT24C01C-AT24C02C-I2C-Compatible-Two-Wire-Serial-EEPROM-1Kbit-2Kbit-20006111A.pdf
Microchip,AT24C256C-SSHL-T,https://ww1.microchip.com/downloads/en/DeviceDoc/AT24C128C-AT24C256C-Data-Sheet-DS20006270B.pdf
Microchip,AT93C46DN-SH-T,https://ww1.microchip.com/downloads/en/DeviceDoc/20006224B.pdf
Microchip,KSZ8851SNLI-TR,https://ww1.microchip.com/downloads/en/DeviceDoc/KSZ8851SNL-Single-Port-Ethernet-Controller-with-SPI-DS00002381C.pdf
Microchip,MCP1792T-3302H/DB,https://www.microchip.com/content/dam/mchp/documents/APID/ProductDocuments/DataSheets/MCP1792-Family-Data-Sheet-DS20006229C.pdf
Microchip,MCP1824T-ADJE/OT,https://www.microchip.com/content/dam/mchp/documents/OTH/ProductDocuments/DataSheets/22070a.pdf
Microchip,MCP6002-I/SN,https://www.microchip.com/content/dam/mchp/documents/MSLD/ProductDocuments/DataSheets/MCP6001-1R-1U-2-4-1-MHz-Low-Power-Op-Amp-DS20001733L.pdf
Microchip,MCP73832T-2ACI/OT,https://ww1.microchip.com/downloads/en/DeviceDoc/MCP73831-Family-Data-Sheet-DS20001984H.pdf
Microchip,MCP9700A-E/TO,https://ww1.microchip.com/downloads/aemDocuments/documents/APID/ProductDocuments/DataSheets/MCP970X-Data-Sheet-DS20001942.pdf
Microchip,MCP9700AT-E/TT,https://ww1.microchip.com/downloads/aemDocuments/documents/APID/ProductDocuments/DataSheets/MCP970X-Data-Sheet-DS20001942.pdf
Microchip,MIC5281-3.3YMME-TR,https://ww1.microchip.com/downloads/en/DeviceDoc/MIC5281.pdf
Mornsun,IF0505S-1WR3,https://www.mornsun-power.com/html/pdf/IF0505S-1WR3.html
Murata,BLM18BB331SN1D,https://www.murata.com/en-global/products/productdetail?partno=BLM18BB331SN1D
Murata,LQG15HS15NJ02D,https://www.murata.com/en-global/products/productdetail?partno=LQG15HS15NJ02D
Murata,LQG15HS3N3B02D,https://www.murata.com/en-global/products/productdetail?partno=LQG15HS3N3B02D
Murata,LXES15AAA1-153,https://www.murata.com/products/productdata/8796832759838/CRESD-E.pdf
Myirtech,MYC-Y6ULG2-256N256D-50-I,http://www.myirtech.com/download/NXP/MYC-Y6ULX.pdf
Nexperia,74AHC1G17GVH,https://assets.nexperia.com/documents/data-sheet/74AHC_AHCT1G17.pdf
Nexperia,74HC00D-652,https://assets.nexperia.com/documents/data-sheet/74HC_HCT00.pdf
Nexperia,74HC1G86GW-125,https://assets.nexperia.com/documents/data-sheet/74HC_HCT1G86.pdf
Nexperia,74HC4050D-652,https://assets.nexperia.com/documents/data-sheet/74HC4050.pdf
Nexperia,74HC595D-118,https://assets.nexperia.com/documents/data-sheet/74HC_HCT595.pdf
Nexperia,74HCT138D-653,https://assets.nexperia.com/documents/data-sheet/74HC_HCT138.pdf
Nexperia,74HCT238D-653,https://assets.nexperia.com/documents/data-sheet/74HC_HCT238.pdf
Nexperia,BAT54C-215,https://assets.nexperia.com/documents/data-sheet/BAT54_SER.pdf
Nexperia,BC807-40-215,https://assets.nexperia.com/documents/data-sheet/BC807_SER.pdf
Nexperia,BC817-40-215,https://assets.nexperia.com/documents/data-sheet/BC817_SER.pdf
Nexperia,BZV55-B10,https://assets.nexperia.com/documents/data-sheet/BZV55_SER.pdf
Nexperia,BZV55-B24,https://assets.nexperia.com/documents/data-sheet/BZV55_SER.pdf
Nexperia,BZV55-B36,https://assets.nexperia.com/documents/data-sheet/BZV55_SER.pdf
Nexperia,BZV55-C10-115,https://assets.nexperia.com/documents/data-sheet/BZV55_SER.pdf
Nexperia,BZV55-C24-135,https://assets.nexperia.com/documents/data-sheet/BZV55_SER.pdf
Nexperia,BZV55-C36-115,https://assets.nexperia.com/documents/data-sheet/BZV55_SER.pdf
Nexperia,IP4220CZ6-125,https://assets.nexperia.com/documents/data-sheet/IP4220CZ6.pdf
Nexperia,MMBT2222A-215,https://assets.nexperia.com/documents/data-sheet/MMBT2222A.pdf
Nexperia,PESD12VL2BT-215,https://assets.nexperia.com/documents/data-sheet/PESDXL2BT_SER.pdf
Nexperia,PESD2CAN-215,https://assets.nexperia.com/documents/data-sheet/PESD2CAN.pdf
Nexperia,PESD3V3L1BA-115,https://assets.nexperia.com/documents/data-sheet/PESDXL1BA_SER.pdf
Nexperia,PESD5V0L1BA-115,https://assets.nexperia.com/documents/data-sheet/PESDXL1BA_SER.pdf
Nordic,nRF52810-QCAA-R,https://infocenter.nordicsemi.com/pdf/nRF52810_PS_v1.4.pdf
Nordic,NRF52810-QCAA-R7,https://infocenter.nordicsemi.com/pdf/nRF52810_PS_v1.4.pdf
Nordic,nRF52811-QCAA-R,https://infocenter.nordicsemi.com/pdf/nRF52811_PS_v1.1.pdf
Nordic,NRF52811-QCAA-R7,https://infocenter.nordicsemi.com/pdf/nRF52811_PS_v1.1.pdf
Nuvoton,M031FC1AE,https://www.nuvoton.com/export/resource-files/DS_M031_M032_Series_EN_Rev2.02.pdf
Nuvoton,M031LC2AE,https://www.nuvoton.com/export/resource-files/DS_M031_M032_Series_EN_Rev2.02.pdf
Nuvoton,NUC029LEE,https://www.nuvoton.com/export/resource-files/DS_NUC029xEE_Series_EN_Rev1.03.pdf
NXP,MPR121QR2,https://www.nxp.com/docs/en/data-sheet/MPR121.pdf
NXP,PCF8553DTT/AJ,https://www.nxp.com/docs/en/data-sheet/PCF8553.pdf
NXP,PCF8563T/5-518,https://www.nxp.com/docs/en/data-sheet/PCF8563.pdf
NXP,PCT2075GVX,https://www.nxp.com/docs/en/data-sheet/PCT2075.pdf
NXP,SC16IS752IPW-112,https://www.nxp.com/docs/en/data-sheet/SC16IS752_SC16IS762.pdf
NXP,SC16IS752IPW-128,https://www.nxp.com/docs/en/data-sheet/SC16IS752_SC16IS762.pdf
NXP,TJA1051T/3-118,https://www.nxp.com/docs/en/data-sheet/TJA1051.pdf
NXP,TJA1051T/3-118,https://www.nxp.com/docs/en/data-sheet/TJA1051.pdf
ON,MC33064D-5R2G,https://www.onsemi.com/download/data-sheet/pdf/mc34064-d.pdf
ON,MMBT2222ALT1G,https://www.onsemi.com/pdf/datasheet/mmbt2222lt1-d.pdf
Onsemi,1SMA5945BT3G,https://www.onsemi.com/pdf/datasheet/1sma5913bt3-d.pdf
Onsemi,CAT811STBI-GT3,https://www.onsemi.com/pdf/datasheet/cat811-d.pdf
Onsemi,FAN5333BSX,https://www.onsemi.com/pdf/datasheet/fan5333b-d.pdf
Onsemi,FSUSB42UMX,https://www.onsemi.com/pdf/datasheet/fsusb42-d.pdf
Onsemi,LM317LDR2G,https://www.onsemi.com/pdf/datasheet/lm317l-d.pdf
Onsemi,LP2951ACDG,https://www.onsemi.com/pdf/datasheet/lp2950-d.pdf
Onsemi,MBR0540T1G,https://www.onsemi.com/pdf/datasheet/mbr0540t1-d.pdf
Onsemi,MMBT5962,https://www.onsemi.com/pdf/datasheet/mmbt5962-d.pdf
Onsemi,MMBTA06LT1G,https://www.onsemi.com/pdf/datasheet/mmbta05lt1-d.pdf
Onsemi,MMBTA56LT1G,https://www.onsemi.com/pdf/datasheet/mmbta55lt1-d.pdf
Onsemi,NC7WZ16P6X,https://www.onsemi.com/pdf/datasheet/nc7wz16-d.pdf
Onsemi,NCP1117ST33T3G,https://www.onsemi.com/pdf/datasheet/ncp1117-d.pdf
Onsemi,NCP3335ADMADJR2G,https://www.onsemi.com/pdf/datasheet/ncp3335a-d.pdf
Onsemi,NCP803SN160T1G,https://www.onsemi.com/pdf/datasheet/max803-d.pdf
Onsemi,NCP803SN463T1G,https://www.onsemi.com/pdf/datasheet/max803-d.pdf
Onsemi,SMS24CT1G,https://www.onsemi.com/pdf/datasheet/sms05c-d.pdf
Panasonic,ALDP105W,https://datasheet.lcsc.com/lcsc/1809121819_PANASONIC-ALDP124W_C115716.pdf
Panasonic,JQ1P-5V-F,https://datasheet.lcsc.com/lcsc/1811151552_PANASONIC-JQ1P-5V-F_C58271.pdf
Panasonic,JS1-B-5V-FT,https://api.pim.na.industrial.panasonic.com/file_stream/main/fileversion/183105
Panjit,BAS116_R1_00001,https://www.panjit.com.tw/upload/datasheet/BAS116_SERIES.pdf
Panjit,BAT54_R1_00001,https://www.panjit.com.tw/upload/datasheet/BAT54_SERIES.pdf
Panjit,BAT54C_R2_00001,https://www.panjit.com.tw/upload/datasheet/BAT54_SERIES.pdf
Panjit,BAT54WS_R1_00001,https://www.panjit.com.tw/upload/datasheet/BAT54WS.pdf
Panjit,BAV170_R1_00001,https://www.panjit.com.tw/upload/datasheet/BAS116_SERIES.pdf
Panjit,DI2010S_R2_10001,http://www.panjit.com.cn/upload/datasheet/DI200S_SERIES.pdf
Panjit,LL4148_R2_10001,https://www.panjit.com.tw/upload/datasheet/LL4148.pdf
Panjit,M7_R1_00001,https://cdn.ozdisan.com/ETicaret_Dosya/360138_6772666.pdf
Panjit,M7_R1_10001,https://cdn.ozdisan.com/ETicaret_Dosya/360138_6772666.pdf
Panjit,P4SMAJ28AS_R1_00001,https://www.panjit.com.tw/upload/datasheet/P4SMAJ8.5AS_SERIES.pdf
Panjit,P6SMBJ24A_R1_00001,https://www.panjit.com.tw/upload/datasheet/P6SMBJ_SERIES.pdf
Panjit,P6SMBJ28CA_R1_00001,https://www.panjit.com.tw/upload/datasheet/P6SMBJ_SERIES.pdf
Panjit,P6SMBJ36A_R2_00001,https://www.panjit.com.tw/upload/datasheet/P6SMBJ_SERIES.pdf
Panjit,P6SMBJ36CA_R1_00001,https://www.panjit.com.tw/upload/datasheet/P6SMBJ_SERIES.pdf
Panjit,PJA3401A_R1_00001,https://www.panjit.com.tw/upload/datasheet/PJA3401A.pdf
Panjit,PJA3441_R1_00001,https://www.panjit.com.tw/upload/datasheet/PJA3441.pdf
Panjit,SK24_R2_00001,https://www.panjit.com.tw/upload/datasheet/SK22_SERIES.pdf
Panjit,SK34_R2_00001,https://www.panjit.com.tw/upload/datasheet/SK32_SERIES.pdf
Panjit,SK36_R1_10001,https://www.panjit.com.tw/upload/datasheet/SK32_SERIES.pdf
Panjit,SS0520_R1_00001,https://www.panjit.com.tw/upload/datasheet/SS0520_SERIES.pdf
Panjit,SS14_R1_00001,http://www.panjit.com.cn/upload/datasheet/SS12_SERIES.pdf
Panjit,SS14_R1_10001,http://www.panjit.com.cn/upload/datasheet/SS12_SERIES.pdf
Panjit,ZMM55-C6V8_R1_10001,https://www.panjit.com.tw/upload/datasheet/ZMM55-C2V4_SERIES.pdf
Pic,PMC-10011015,https://www.pic-gmbh.com/fileadmin/user_upload/pmc1001_ds_e_4.0.pdf
Raltron,AS-10.000-16-EXT-SMD-TR,https://www.raltron.com/wp-content/uploads/2016/10/crystal_as-smd.pdf
Raltron,AS-12.000-20-EXT-SMD-TR,https://www.raltron.com/wp-content/uploads/2016/10/crystal_as-smd.pdf
Raltron,AS-14.7456-20-SMD-TR,https://www.raltron.com/wp-content/uploads/2016/10/crystal_as-smd.pdf
Raltron,AS-6.000-20-EXT-SMD-TR,https://www.raltron.com/wp-content/uploads/2016/10/crystal_as-smd.pdf
Raltron,H130B-25.000-18-F-1030-EXT-TR,https://www.raltron.com/webproducts/specs/CRYSTAL/H130B-25.000-18-F-1030-EXT-TR_Rev_D.PDF
Raltron,R2520-40.000-10-F-1010-EXT-TR,https://www.raltron.com/webproducts/specs/CRYSTAL/CKP/R2520-40.000-10-F-1010-EXT-TR.pdf
Raltron,RH100-12.000-18-2020-EXT-TR,https://www.raltron.com/webproducts/specs/CRYSTAL/RH100-12.000-18-2020-EXT-TR.pdf
Raltron,RH100-12.000-18-2020-TR,https://www.raltron.com/webproducts/specs/CRYSTAL/RH100-12.000-18-2020-TR.pdf
Raltron,RH100-25.000-13-F-0715-EXT-TR-NS1,https://www.raltron.com/webproducts/specs/CRYSTAL/RH100-25.000-13-F-0715-EXT-TR-NS1.pdf
Raltron,RSM200S-32.768-12.5-EXT-TR-N,https://www.raltron.com/wp-content/uploads/2017/05/RSM200S_SERIES_May-2017.pdf
Raltron,RT3215-32.768-12.5-TR,http://www.raltron.com/webproducts/specs/CRYSTAL/RT3215-32.768-12.5-TR_RevH.pdf
Raltron,RT3215-32.768-12.5-TR-10PPM,https://www.raltron.com/webproducts/specs/CRYSTAL/RT3215-32.768-12.5-TR-10PPM.pdf
Raspberry,RP2040TR7,https://datasheets.raspberrypi.org/rp2040/rp2040-datasheet.pdf
Raspberry,RPI-CM1,https://datasheets.raspberrypi.org/cm/cm3-plus-datasheet.pdf
Realtek,RTL8201F-VB-CG,https://www.semiee.com/file/Source10/REALTEK-RTL8201F-VB-CG.pdf
Realtek,RTL8201FI-VC-CG,https://datasheet.lcsc.com/lcsc/2205101116_Realtek-Semicon-RTL8201FI-VC-CG_C2763557.pdf
Renesas,R5F211B4SP#U0,https://www.renesas.com/us/en/document/dst/r8c1a-r8c1b-group-datasheet
Renesas,R5F21238DFP,https://www.renesas.com/us/en/document/dst/r8c22-r8c23-group-datasheet
Reomax,5GT10A,https://cdn.ozdisan.com/ETicaret_Dosya/445937_9617837.pdf
Reomax,MTS1100A,http://www.reomax.net/upload/datasheet/micro/MTS.pdf
Reomax,MTS1200A,http://www.reomax.net/upload/datasheet/micro/MTS.pdf
Reomax,MTS1400A,http://www.reomax.net/upload/datasheet/micro/MTS.pdf
Rohm,RPI-441C1E,https://fscdn.rohm.com/en/products/databook/datasheet/opto/optical_sensor/photointerrupter/rpi-441c1e.pdf
Royal_Ohm,4D03WGF1002T5E,http://www.royalohm.com/pdf/product2017/Convex2D.pdf
Royal_Ohm,4D03WGF220JT5E,http://www.royalohm.com/pdf/product2017/Convex2D.pdf
Royal_Ohm,4D03WGF220JT5E,http://www.royalohm.com/pdf/product2017/Convex2D.pdf
Royal_Ohm,AS101AJ010JT4E,http://www.royalohm.com/assets/pdf/products/smd/3.pdf
Royal_Ohm,AS1034K001JT4E,http://www.royalohm.com/assets/pdf/products/smd/3.pdf
Royal_Ohm,AS1034K033JT4E,http://www.royalohm.com/assets/pdf/products/smd/3.pdf
Samsung,CL05B104KB5NNNC,http://weblib.samsungsem.com/mlcc/mlcc-ec-data-sheet.do?partNumber=CL05B104KB5NNN
Samsung,CL05B104KO5NNNC,http://weblib.samsungsem.com/mlcc/mlcc-ec-data-sheet.do?partNumber=CL05B104KO5NNN
Samsung,CL05B332KB5NNNC,http://weblib.samsungsem.com/mlcc/mlcc-ec-data-sheet.do?partNumber=CL05B332KB5NNN
Samsung,CL05C100JB5NNNC,http://weblib.samsungsem.com/mlcc/mlcc-ec-data-sheet.do?partNumber=CL05C100JB5NNN
Samsung,CL05C101JB5NNNC,http://weblib.samsungsem.com/mlcc/mlcc-ec-data-sheet.do?partNumber=CL05C101JB5NNN
Samsung,CL05C470FB5NNNC,http://weblib.samsungsem.com/mlcc/mlcc-ec-data-sheet.do?partNumber=CL05C470FB5NNN
Samsung,CL10A475KQ8NNNC,http://weblib.samsungsem.com/mlcc/mlcc-ec-data-sheet.do?partNumber=CL10A475KQ8NNN
Samsung,CL10B102KB8NNNC,http://weblib.samsungsem.com/mlcc/mlcc-ec-data-sheet.do?partNumber=CL10B102KB8NNN
Samsung,CL10B103KB8NNNC,http://weblib.samsungsem.com/mlcc/mlcc-ec-data-sheet.do?partNumber=CL10B103KB8NNN
Samsung,CL10B104KB8NNNC,http://weblib.samsungsem.com/mlcc/mlcc-ec-data-sheet.do?partNumber=CL10B104KB8NNN
Samsung,CL10B105KO8NNNC,http://weblib.samsungsem.com/mlcc/mlcc-ec-data-sheet.do?partNumber=CL10B105KO8NNN
Samsung,CL10B183KB8NNNC,http://weblib.samsungsem.com/mlcc/mlcc-ec-data-sheet.do?partNumber=CL10B183KB8NNN
Samsung,CL10B222KB8NNNC,http://weblib.samsungsem.com/mlcc/mlcc-ec-data-sheet.do?partNumber=CL10B222KB8NNN
Samsung,CL10B223KB8NNNC,http://weblib.samsungsem.com/mlcc/mlcc-ec-data-sheet.do?partNumber=CL10B223KB8NNN
Samsung,CL10B224KB8NNNC,http://weblib.samsungsem.com/mlcc/mlcc-ec-data-sheet.do?partNumber=CL10B224KB8NNN
Samsung,CL10B332KB8NNNC,http://weblib.samsungsem.com/mlcc/mlcc-ec-data-sheet.do?partNumber=CL10B332KB8NNN
Samsung,CL10B333KB8NNNC,http://weblib.samsungsem.com/mlcc/mlcc-ec-data-sheet.do?partNumber=CL10B333KB8NNN
Samsung,CL10B391KB8NNNC,http://weblib.samsungsem.com/mlcc/mlcc-ec-data-sheet.do?partNumber=CL10B391KB8NNN
Samsung,CL10B681KB8NNNC,http://weblib.samsungsem.com/mlcc/mlcc-ec-data-sheet.do?partNumber=CL10B681KB8NNN
Samsung,CL10B682KB8NNNC,http://weblib.samsungsem.com/mlcc/mlcc-ec-data-sheet.do?partNumber=CL10B682KB8NNN
Samsung,CL10C070CB8NNNC,http://weblib.samsungsem.com/mlcc/mlcc-ec-data-sheet.do?partNumber=CL10C070CB8NNN
Samsung,CL10C100JB8NNNC,http://weblib.samsungsem.com/mlcc/mlcc-ec-data-sheet.do?partNumber=CL10C100JB8NNN
Samsung,CL10C100JB8NNNC,http://weblib.samsungsem.com/mlcc/mlcc-ec-data-sheet.do?partNumber=CL10C100JB8NNN
Samsung,CL10C101JB8NNNC,http://weblib.samsungsem.com/mlcc/mlcc-ec-data-sheet.do?partNumber=CL10C101JB8NNN
Samsung,CL10C120FB8NNNC,https://media.digikey.com/pdf/Data%20Sheets/Samsung%20PDFs/CL10C120FB8NNNC_spec.pdf
Samsung,CL10C120JB8NNNC,http://weblib.samsungsem.com/mlcc/mlcc-ec-data-sheet.do?partNumber=CL10C120JB8NNN
Samsung,CL10C180FB8NNNC,http://weblib.samsungsem.com/mlcc/mlcc-ec-data-sheet.do?partNumber=CL10C180FB8NNN
Samsung,CL10C180JB8NNNC,http://weblib.samsungsem.com/mlcc/mlcc-ec-data-sheet.do?partNumber=CL10C180JB8NNN
Samsung,CL10C220FB8NNNC,http://weblib.samsungsem.com/mlcc/mlcc-ec-data-sheet.do?partNumber=CL10C220FB8NNN
Samsung,CL10C220JB8NNNC,http://weblib.samsungsem.com/mlcc/mlcc-ec-data-sheet.do?partNumber=CL10C220JB8NNN
Samsung,CL10C270JB8NNNC,http://weblib.samsungsem.com/mlcc/mlcc-ec-data-sheet.do?partNumber=CL10C270JB8NNN
Samsung,CL10C330JB8NNNC,http://weblib.samsungsem.com/mlcc/mlcc-ec-data-sheet.do?partNumber=CL10C330JB8NNN
Samsung,CL10C331JB8NNNC,http://weblib.samsungsem.com/mlcc/mlcc-ec-data-sheet.do?partNumber=CL10C331JB8NNN
Samsung,CL10C470JB8NNNC,http://weblib.samsungsem.com/mlcc/mlcc-ec-data-sheet.do?partNumber=CL10C470JB8NNN
Samsung,CL10C560JB8NNNC,http://weblib.samsungsem.com/mlcc/mlcc-ec-data-sheet.do?partNumber=CL10C560JB8NNN
Samsung,CL10C680FB8NNNC,https://media.digikey.com/pdf/Data%20Sheets/Samsung%20PDFs/CL10C680FB8NNNC_spec.pdf
Samsung,CL10C680JB8NNNC,http://weblib.samsungsem.com/mlcc/mlcc-ec-data-sheet.do?partNumber=CL10C680JB8NNN
Samsung,CL21A106KAYNNNE,http://weblib.samsungsem.com/mlcc/mlcc-ec-data-sheet.do?partNumber=CL21A106KAYNNN
Samsung,CL21B104KCFNNNE,http://weblib.samsungsem.com/mlcc/mlcc-ec-data-sheet.do?partNumber=CL21B104KCFNNN
Samsung,CL21B105KBFNNNE,http://weblib.samsungsem.com/mlcc/mlcc-ec-data-sheet.do?partNumber=CL21B105KBFNNN
Samsung,CL21B105KBFNNNE,http://weblib.samsungsem.com/mlcc/mlcc-ec-data-sheet.do?partNumber=CL21B105KBFNNN
Samsung,CL21B106KOQNNNE,http://weblib.samsungsem.com/mlcc/mlcc-ec-data-sheet.do?partNumber=CL21B106KOQNNN
Samsung,CL21B224KBFNNNE,http://weblib.samsungsem.com/mlcc/mlcc-ec-data-sheet.do?partNumber=CL21B224KBFNNN
Samsung,CL21B334KBFNNNE,http://weblib.samsungsem.com/mlcc/mlcc-ec-data-sheet.do?partNumber=CL21B334KBFNNN
Samsung,CL21B474KBFNNNE,http://weblib.samsungsem.com/mlcc/mlcc-ec-data-sheet.do?partNumber=CL21B474KBFNNN
Samsung,CL31B102KJHNNNE,http://weblib.samsungsem.com/mlcc/mlcc-ec-data-sheet.do?partNumber=CL31B102KJHNNN
Samsung,CL31B104KCFNNNE,http://weblib.samsungsem.com/mlcc/mlcc-ec-data-sheet.do?partNumber=CL31B104KCFNNN
Samsung,CL31B475KBHNNNE,http://weblib.samsungsem.com/mlcc/mlcc-ec-data-sheet.do?partNumber=CL31B475KBHNNN
Samsung,CL31C220JHFNNNE,http://weblib.samsungsem.com/mlcc/mlcc-ec-data-sheet.do?partNumber=CL31C220JHFNNN
Samsung,CL32A106KBJNNNE,http://weblib.samsungsem.com/mlcc/mlcc-ec-data-sheet.do?partNumber=CL32A106KBJNNN
Samsung,CL32A476KOJNNNE,http://weblib.samsungsem.com/mlcc/mlcc-ec-data-sheet.do?partNumber=CL32A476KOJNNN
Samsung,CL32B225KCJSNNE,http://weblib.samsungsem.com/mlcc/mlcc-ec-data-sheet.do?partNumber=CL32B225KCJSNN
Samsung,CL32B226KAJNNNE,http://weblib.samsungsem.com/mlcc/mlcc-ec-data-sheet.do?partNumber=CL32B226KAJNNN
Samsung,CL32B226KOJNNNE,http://weblib.samsungsem.com/mlcc/mlcc-ec-data-sheet.do?partNumber=CL32B226KOJNNN
Samwha,SC1V107M08010VR,http://www.samwha.com/electric/product/list_pdf2/SC.pdf
Sanco,EMB-R1203B,https://cdn.ozdisan.com/ETicaret_Dosya/499332_121125.pdf
Seiko,Q13FC1350000300,https://support.epson.biz/td/api/doc_check.php?dl=app_FC-135&lang=en
Seiko,SC32S-9PF20PPM,https://www.sii.co.jp/en/quartz/files/2013/03/SC-32S_Leaflet_e20151217.pdf
Semtech,LL4148,http://www.semtech.com.hk/script/product/manage/pic/915842479859.pdf
Semtech,SM712.TCT,https://datasheet.lcsc.com/lcsc/1808032011_SEMTECH-SM712-TCT_C12067.pdf
Sensirion,SCD40-D-R2,https://sensirion.com/resource/datasheet/SCD40/41
Sensirion,SHT31-DIS-B2.5kS,https://sensirion.com/media/documents/213E6A3B/63A5A569/Datasheet_SHT3x_DIS.pdf
Shenzhen_Xunlong,Orange_Pi-PC_Plus,https://linux-sunxi.org/Xunlong_Orange_Pi_PC
Silabs,CP2102-GM,https://www.silabs.com/documents/public/data-sheets/CP2102-9.pdf
Silabs,CP2102N-A02-GQFN28R,https://www.silabs.com/documents/public/data-sheets/cp2102n-datasheet.pdf
Silabs,CP2108-B03-GMR,https://www.silabs.com/documents/public/data-sheets/cp2108-datasheet.pdf
Silabs,SI8640ED-B-ISR,https://www.silabs.com/documents/public/data-sheets/si864x-datasheet.pdf
Silabs,SI8641ED-B-ISR,https://www.silabs.com/documents/public/data-sheets/si864x-datasheet.pdf
ST,IMP23ABSU,https://www.st.com/resource/en/datasheet/imp23absu.pdf
ST,L78L05ABD13TR,https://www.st.com/resource/en/datasheet/l78l.pdf
ST,L7987LTR,https://www.st.com/resource/en/datasheet/l7987l.pdf
ST,ST3232BDR,https://www.st.com/resource/en/datasheet/st3232b.pdf
ST,STM708TAM6F,https://www.st.com/resource/en/datasheet/stm708t-slsh-s-slsh-r.pdf
Strong_Base,3G4HD-G03,https://cdn.ozdisan.com/Eticaret_Dosya/5971_6669530.PDF
Strong_Base,3R4HD-7,https://cdn.ozdisan.com/Eticaret_Dosya/5977_4465583.PDF
Strong_Base,SB-5010IRB,https://cdn.ozdisan.com/Eticaret_Dosya/399471_5628559.PDF
Sunled,XZCM2CRK53WA-8VF,https://www.sunledusa.com/products/spec/XZCM2CRK53WA-8VF.pdf
Sunlord,GZ2012D101TF,http://www.sunlordinc.com/Download.aspx?file=L1VwbG9hZEZpbGVzL1BERl9DYXQvMjAyMTA2MTAxNDE2MjgzOTUucGRm&lan=
Sunlord,SDCW2012-2-900TF,https://www.sunlordinc.com/uploads/files/20230829/SDCW%20series%20of%20Wire%20Wound%20Chip%20Common%20Mode%20Choke%20Coil.pdf
Sunlord,SDCW4532S-2-142TF,https://www.sunlordinc.com/uploads/files/20230829/SDCW-S%20series%20of%20Wire%20Wound%20Chip%20Common%20Mode%20Choke%20Coil.pdf
TAE,TAXM12M4RKDCDT2T,https://datasheet.lcsc.com/lcsc/1912111437_TAE-Zhejiang-Abel-Elec-TAXM12M4RKDCDT2T_C403945.pdf
Taimag,RJLBC-248TA1,https://www.dacomwest.de/images/Dateien/Taimag/Dokumente/RJ45/Tab-Down/Erweitert/RJLBC-248TC1-A12_20110408.pdf
Taiyo_Yuden,LB2012T100M,https://ds.yuden.co.jp/TYCOMPAS/ut/download?pn=LB2012T100M&fileType=Datasheet
TE,1473005-4,https://www.te.com/commerce/DocumentDelivery/DDEController?Action=showdoc&DocId=Customer+Drawing%7F1473005%7FJ3%7Fpdf%7FEnglish%7FENG_CD_1473005_J3.pdf%7F1473005-4
Tech_Public,USBLC6-4SC6,https://www.techpublic.com/storage/pdf/20230520/EgXSCAWDBuzhGxQs.pdf
Texas_Instruments,ISO3082DWR,https://www.ti.com/lit/ds/symlink/iso3082.pdf
Texas_Instruments,LDC0851HDSGR,https://www.ti.com/lit/ds/symlink/ldc0851.pdf
Texas_Instruments,LDC1312DNTR,https://www.ti.com/lit/ds/symlink/ldc1312.pdf
Texas_Instruments,LDC1314RGHR,https://www.ti.com/lit/ds/symlink/ldc1314.pdf
Texas_Instruments,LM317DCYR,https://www.ti.com/lit/ds/symlink/lm317.pdf
Texas_Instruments,LM35DZ/NOPB,https://www.ti.com/lit/ds/symlink/lm35.pdf
Texas_Instruments,LP38501TSX-ADJ/NOPB,https://www.ti.com/lit/ds/symlink/lp38501-adj.pdf
Texas_Instruments,MAX232DR,https://www.ti.com/lit/ds/symlink/max232.pdf
Texas_Instruments,SN74AHC1G08DBVR,https://www.ti.com/lit/ds/symlink/sn74ahc1g08.pdf
Texas_Instruments,SN74AUP1G126DBVR,https://www.ti.com/lit/ds/symlink/sn74aup1g126.pdf
Texas_Instruments,SN74LVC1G04DBVR,https://www.ti.com/lit/ds/symlink/sn74lvc1g04.pdf
Texas_Instruments,SN74LVC1G07DBVR,https://www.ti.com/lit/ds/symlink/sn74lvc1g07.pdf
Texas_Instruments,SN74LVC1G08DBVR,https://www.ti.com/lit/ds/symlink/sn74lvc1g08.pdf
Texas_Instruments,SN74LVC1G126DBVR,https://www.ti.com/lit/ds/symlink/sn74lvc1g126.pdf
Texas_Instruments,SN74LVC1G14DBVR,https://www.ti.com/lit/ds/symlink/sn74lvc1g14.pdf
Texas_Instruments,SN74LVC1G17DBVR,https://www.ti.com/lit/ds/symlink/sn74lvc1g17.pdf
Texas_Instruments,SN74LVC8T245PWR,https://www.ti.com/lit/ds/symlink/sn74lvc8t245.pdf
Texas_Instruments,TCA9535PWR,https://www.ti.com/lit/ds/symlink/tca9535.pdf
Texas_Instruments,TFP401AIPZPRQ1,https://www.ti.com/lit/ds/symlink/tfp401a-q1.pdf
Texas_Instruments,TLC555IDR,https://www.ti.com/lit/ds/symlink/tlc555.pdf
Texas_Instruments,TPS54302DDCR,https://www.ti.com/lit/ds/symlink/tps54302.pdf
Texas_Instruments,TPS54331DDA,https://www.ti.com/lit/ds/symlink/tps54331.pdf
Texas_Instruments,TPS65150PWPR,https://www.ti.com/lit/ds/symlink/tps65150.pdf
Texas_Instruments,TPS7A0333PDBVR,https://www.ti.com/lit/ds/symlink/tps7a03.pdf
Texas_Instruments,TSC2046IPWR,https://www.ti.com/lit/ds/symlink/tsc2046.pdf
Texas_Instruments,TUSB2046IBVF,https://www.ti.com/lit/ds/symlink/tusb2046i.pdf
Texas_Instruments,TXS0102DCTR,https://www.ti.com/lit/ds/symlink/txs0102.pdf
Tianbo,HJR1-2C-L-05VDC-S-ZY,https://www.tianbo-relay.com/upload/2019062415192786.pdf
Torex,XC6206P332MR,https://www.torexsemi.com/file/xc6206/XC6206.pdf
U-blox,LENA-R8001-00C,https://www.u-blox.com/sites/default/files/documents/LENA-R8_DataSheet_UBX-22003110.pdf
Ublox,SARA-G450-01C-01,https://www.u-blox.com/sites/default/files/SARA-G450_DataSheet_UBX-18006165.pdf
UMW,AMS1117-3.3,https://mm.digikey.com/Volume0/opasdata/d220001/medias/docus/5011/AMS1117.pdf
UMW,IP4220CZ6,https://www.umw-ic.com/static/pdf/c2d69208a57db556a9c4c2f4f2d2747d.pdf
Uniroyal,0603WAF1000T5E,http://uniohm.com/images/userfile/file/1578208154498b8b1a2d8dbe32.pdf
Uniroyal,0603WAF1001T5E,http://uniohm.com/images/userfile/file/1578208154498b8b1a2d8dbe32.pdf
Uniroyal,0603WAF1002T5E,http://uniohm.com/images/userfile/file/1578208154498b8b1a2d8dbe32.pdf
Uniroyal,0603WAF1002T5E,http://uniohm.com/images/userfile/file/1578208154498b8b1a2d8dbe32.pdf
Uniroyal,0603WAF1003T5E,http://uniohm.com/images/userfile/file/1578208154498b8b1a2d8dbe32.pdf
Uniroyal,0603WAF1004T5E,http://uniohm.com/images/userfile/file/1578208154498b8b1a2d8dbe32.pdf
Uniroyal,0603WAF2200T5E,http://uniohm.com/images/userfile/file/1578208154498b8b1a2d8dbe32.pdf
Uniroyal,0603WAF2201T5E,http://uniohm.com/images/userfile/file/1578208154498b8b1a2d8dbe32.pdf
Uniroyal,0603WAF2701T5E,http://uniohm.com/images/userfile/file/1578208154498b8b1a2d8dbe32.pdf
Uniroyal,0603WAF4700T5E,http://uniohm.com/images/userfile/file/1578208154498b8b1a2d8dbe32.pdf
Uniroyal,0603WAF4702T5E,http://uniohm.com/images/userfile/file/1578208154498b8b1a2d8dbe32.pdf
Uniroyal,0603WAF4703T5E,http://uniohm.com/images/userfile/file/1578208154498b8b1a2d8dbe32.pdf
Uniroyal,0603WAF4704T5E,http://uniohm.com/images/userfile/file/1578208154498b8b1a2d8dbe32.pdf
Uniroyal,0603WAF5101T5E,http://uniohm.com/images/userfile/file/1578208154498b8b1a2d8dbe32.pdf
UTC,LR9102G-33-AF5-R,http://www.unisonic.com.tw/datasheet/lr9102.pdf
UTC,UD24121G-AG6-R,http://www.unisonic.com.tw/datasheet/UD24121.pdf
Varta,4006,https://www.varta-ag.com/fileadmin/varta_microbattery/mb_data/documents/data_sheets/DS-4006.pdf
VCC,LPC_170_CTP,https://vcclite.com/?file=files/LPC_Datasheet_Rev_4.pdf&file_name=LPC_Datasheet_Rev_4.pdf
Vishay,SI2312BDS-T1-GE3,https://www.vishay.com/docs/73235/si2312bds.pdf
Vishay,SI4909DY-T1-GE3,https://www.vishay.com/docs/67077/si4909dy.pdf
Vishay,SMBJ15A-E3/52,https://www.vishay.com/docs/88392/smbj.pdf
Vishay,SMBJ28A-E3/52,https://www.vishay.com/docs/88392/smbj.pdf
Vishay,SMBJ36A-E3/52,https://www.vishay.com/docs/88392/smbj.pdf
Vishay,SMBJ40A-E3/52,https://www.vishay.com/docs/88392/smbj.pdf
Vishay,SS14-E3/61T,https://www.vishay.com/docs/88746/ss12.pdf
Vishay,SS16-E3/61T,https://www.vishay.com/docs/88746/ss12.pdf
Vishay,SS24-E3/52T,https://www.vishay.com/docs/88748/ss22.pdf
Vishay,SS34-E3/57T,https://www.vishay.com/docs/88751/ss32.pdf
WCH,CH340G,http://www.wch-ic.com/downloads/file/79.html
Winbond,W25Q128JVSIQ,https://www.winbond.com/resource-files/W25Q128JV%20RevI%2008232021%20Plus.pdf
Winbond,W25Q16JVSSIQ,https://www.winbond.com/resource-files/w25q16jv%20spi%20revh%2004082019%20plus.pdf
Winsen,ZH06-II,https://www.winsen-sensor.com/d/files/ZH06.pdf
Wireless_Tag,WT32-ETH01,https://files.seeedstudio.com/products/102991455/WT32-ETH01_datasheet_V1.1-%20en.pdf
Worldsemi,WS2812B-BW,http://www.world-semi.com/DownLoadFile/111
Worldsemi,WS2812C/W,http://www.world-semi.com/DownLoadFile/116
Wurth,744223,https://www.we-online.com/catalog/datasheet/744223.pdf
Wurth,744227,https://www.we-online.com/catalog/datasheet/744227.pdf
Wurth,824011,https://www.we-online.com/catalog/datasheet/824011.pdf
Wurth,824013,https://www.we-online.com/catalog/datasheet/824013.pdf
Wurth,824014,https://www.we-online.com/catalog/datasheet/824014.pdf
Wurth,824015,https://www.we-online.com/catalog/datasheet/824015.pdf
Wurth,7466303,https://www.we-online.com/catalog/datasheet/7466303.pdf
Wurth,79523141,https://www.we-online.com/catalog/datasheet/79523141.pdf
Wurth,79527141,https://www.we-online.com/catalog/datasheet/79527141.pdf
Wurth,177920514,https://www.we-online.com/catalog/datasheet/177920514.pdf
Wurth,705820050,https://www.we-online.com/catalog/datasheet/705820050.pdf
Wurth,742792022,https://www.we-online.com/catalog/datasheet/742792022.pdf
Wurth,742792625,https://www.we-online.com/catalog/datasheet/742792625.pdf
Wurth,742792641,https://www.we-online.com/catalog/datasheet/742792641.pdf
Wurth,742792780,https://www.we-online.com/catalog/datasheet/742792780.pdf
Wurth,742792780,https://www.we-online.com/catalog/datasheet/742792780.pdf
Wurth,744031004,https://www.we-online.com/catalog/datasheet/744031004.pdf
Wurth,744042004,https://www.we-online.com/catalog/datasheet/744042004.pdf
Wurth,744042100,https://www.we-online.com/catalog/datasheet/744042100.pdf
Wurth,744052220,https://www.we-online.com/catalog/datasheet/744052220.pdf
Wurth,744053470,https://www.we-online.com/catalog/datasheet/744053470.pdf
Wurth,744066150,https://www.we-online.com/catalog/datasheet/744066150.pdf
Wurth,744231091,https://www.we-online.com/catalog/datasheet/744231091.pdf
Wurth,744235510,https://www.we-online.com/catalog/datasheet/744235510.pdf
Wurth,744237152,https://www.we-online.com/catalog/datasheet/744237152.pdf
Wurth,744272121,https://www.we-online.com/catalog/datasheet/744272121.pdf
Wurth,744272221,https://www.we-online.com/catalog/datasheet/744272221.pdf
Wurth,744272471,https://www.we-online.com/catalog/datasheet/744272471.pdf
Wurth,744290321,https://www.we-online.com/catalog/datasheet/744290321.pdf
Wurth,744770168,https://www.we-online.com/catalog/datasheet/744770168.pdf
Wurth,744770168,https://www.we-online.com/catalog/datasheet/744770168.pdf
Wurth,820512501,https://www.we-online.com/catalog/datasheet/820512501.pdf
Wurth,820523006,https://www.we-online.com/catalog/datasheet/820523006.pdf
Wurth,820542501,https://www.we-online.com/catalog/datasheet/820542501.pdf
Wurth,824014883,https://www.we-online.com/catalog/datasheet/824014883.pdf
Wurth,824015043,https://www.we-online.com/catalog/datasheet/824015043.pdf
Wurth,824032813,https://www.we-online.com/catalog/datasheet/824032813.pdf
Wurth,830009706,https://www.we-online.com/catalog/datasheet/830009706.pdf
Wurth,830035293,https://www.we-online.com/catalog/datasheet/830035293.pdf
Wurth,830055299,https://www.we-online.com/catalog/datasheet/830055299.pdf
Wurth,970200144,https://www.we-online.com/catalog/datasheet/970200144.pdf
Wurth,971200321,https://www.we-online.com/catalog/datasheet/971200321.pdf
Wurth,1779205111,https://www.we-online.com/catalog/datasheet/1779205111.pdf
Wurth,7440430022,https://www.we-online.com/catalog/datasheet/7440430022.pdf
Wurth,7447709680,https://www.we-online.com/catalog/datasheet/7447709680.pdf
Wurth,7447715100,https://www.we-online.com/catalog/datasheet/7447715100.pdf
Wurth,7447715220,https://www.we-online.com/catalog/datasheet/7447715220.pdf
Wurth,7447840139,https://www.we-online.com/catalog/datasheet/7447840139.pdf
Wurth,7447840168,https://www.we-online.com/catalog/datasheet/7447840168.pdf
Wurth,61001018221,https://www.we-online.com/catalog/datasheet/61001018221.pdf
Wurth,61300311821,https://www.we-online.com/catalog/datasheet/61300311821.pdf
Wurth,61300421021,https://www.we-online.com/catalog/datasheet/61300421021.pdf
Wurth,61301021121,https://www.we-online.com/catalog/datasheet/61301021121.pdf
Wurth,61304021821,https://www.we-online.com/catalog/datasheet/61304021821.pdf
Wurth,61400416021,https://www.we-online.com/catalog/datasheet/61400416021.pdf
Wurth,61400416121,https://www.we-online.com/catalog/datasheet/61400416121.pdf
Wurth,61400826021,https://www.we-online.com/catalog/datasheet/61400826021.pdf
Wurth,62100421021,https://www.we-online.com/catalog/datasheet/62100421021.pdf
Wurth,62101021021,https://www.we-online.com/catalog/datasheet/62101021021.pdf
Wurth,62101021021,https://www.we-online.com/catalog/datasheet/62101021021.pdf
Wurth,62201021821,https://www.we-online.com/catalog/datasheet/62201021821.pdf
Wurth,63910415521,https://www.we-online.com/catalog/datasheet/63910415521.pdf
Wurth,63910615521,https://www.we-online.com/catalog/datasheet/63910615521.pdf
Wurth,65100516121,https://www.we-online.com/catalog/datasheet/65100516121.pdf
Wurth,65300113722,https://www.we-online.com/catalog/datasheet/65300113722.pdf
Wurth,66200313722,https://www.we-online.com/catalog/datasheet/66200313722.pdf
Wurth,66200821022,https://www.we-online.com/catalog/datasheet/66200821022.pdf
Wurth,66210113722,https://www.we-online.com/catalog/datasheet/66210113722.pdf
Wurth,68610414422,https://www.we-online.com/catalog/datasheet/68610414422.pdf
Wurth,68611514122,https://www.we-online.com/catalog/datasheet/68611514122.pdf
Wurth,68712014022,https://www.we-online.com/catalog/datasheet/68712014022.pdf
Wurth,68712414022,https://www.we-online.com/catalog/datasheet/68712414022.pdf
Wurth,68715014022,https://www.we-online.com/catalog/datasheet/68715014022.pdf
Wurth,68800211722,https://www.we-online.com/catalog/datasheet/68800211722.pdf
Wurth,68800411722,https://www.we-online.com/catalog/datasheet/68800411722.pdf
Wurth,68800811622,https://www.we-online.com/catalog/datasheet/68800811622.pdf
Wurth,68800811722,https://www.we-online.com/catalog/datasheet/68800811722.pdf
Wurth,74279226101,https://www.we-online.com/catalog/datasheet/74279226101.pdf
Wurth,74404063470,https://www.we-online.com/catalog/datasheet/74404063470.pdf
Wurth,74479777310,https://www.we-online.com/catalog/datasheet/74479777310.pdf
Wurth,74980111212,https://www.we-online.com/catalog/datasheet/74980111212.pdf
Wurth,82356050101,https://www.we-online.com/catalog/datasheet/82356050101.pdf
Wurth,82356120100,https://www.we-online.com/catalog/datasheet/82356120100.pdf
Wurth,418121270806,https://www.we-online.com/catalog/datasheet/418121270806.pdf
Wurth,430182043816,https://www.we-online.com/catalog/datasheet/430182043816.pdf
Wurth,431256083716,https://www.we-online.com/catalog/datasheet/431256083716.pdf
Wurth,434111025826,https://www.we-online.com/catalog/datasheet/434111025826.pdf
Wurth,434121043816,https://www.we-online.com/catalog/datasheet/434121043816.pdf
Wurth,434121043816,https://www.we-online.com/catalog/datasheet/434121043816.pdf
Wurth,435171014816,https://www.we-online.com/catalog/datasheet/435171014816.pdf
Wurth,610004243021,https://www.we-online.com/catalog/datasheet/610004243021.pdf
Wurth,614004184726,https://www.we-online.com/catalog/datasheet/614004184726.pdf
Wurth,615008137421,https://www.we-online.com/catalog/datasheet/615008137421.pdf
Wurth,615064243321,https://www.we-online.com/catalog/datasheet/615064243321.pdf
Wurth,622002115121,https://www.we-online.com/catalog/datasheet/622002115121.pdf
Wurth,623310235321,https://www.we-online.com/catalog/datasheet/623310235321.pdf
Wurth,629105136821,https://www.we-online.com/catalog/datasheet/629105136821.pdf
Wurth,636101111001,https://www.we-online.com/catalog/datasheet/636101111001.pdf
Wurth,653004113322,https://www.we-online.com/catalog/datasheet/653004113322.pdf
Wurth,653006113322,https://www.we-online.com/catalog/datasheet/653006113322.pdf
Wurth,653104124022,https://www.we-online.com/catalog/datasheet/653104124022.pdf
Wurth,653104131822,https://www.we-online.com/catalog/datasheet/653104131822.pdf
Wurth,653106131822,https://www.we-online.com/catalog/datasheet/653106131822.pdf
Wurth,662008113322,https://www.we-online.com/catalog/datasheet/662008113322.pdf
Wurth,685119134923,https://www.we-online.com/catalog/datasheet/685119134923.pdf
Wurth,688008113322,https://www.we-online.com/catalog/datasheet/688008113322.pdf
Wurth,690157000472,https://www.we-online.com/catalog/datasheet/690157000472.pdf
Wurth,690157000672,https://www.we-online.com/catalog/datasheet/690157000672.pdf
Wurth,690367290476,https://www.we-online.com/catalog/datasheet/690367290476.pdf
Wurth,690367290676,https://www.we-online.com/catalog/datasheet/690367290676.pdf
Wurth,691214110003,https://www.we-online.com/catalog/datasheet/691214110003.pdf
Wurth,691311500102,https://www.we-online.com/catalog/datasheet/691311500102.pdf
Wurth,691321300002,https://www.we-online.com/catalog/datasheet/691321300002.pdf
Wurth,691321300004,https://www.we-online.com/catalog/datasheet/691321300004.pdf
Wurth,691328310006,https://www.we-online.com/catalog/datasheet/691328310006.pdf
Wurth,691328310008,https://www.we-online.com/catalog/datasheet/691328310008.pdf
Wurth,691351500002,https://www.we-online.com/catalog/datasheet/691351500002.pdf
Wurth,691361300002,https://www.we-online.com/catalog/datasheet/691361300002.pdf
Wurth,691361300004,https://www.we-online.com/catalog/datasheet/691361300004.pdf
Wurth,691364300003,https://www.we-online.com/catalog/datasheet/691364300003.pdf
Wurth,691364300004,https://www.we-online.com/catalog/datasheet/691364300004.pdf
Wurth,693010020611,https://www.we-online.com/catalog/datasheet/693010020611.pdf
Wurth,693071010811,https://www.we-online.com/catalog/datasheet/693071010811.pdf
Wurth,694106301002,https://www.we-online.com/catalog/datasheet/694106301002.pdf
Wurth,696106003002,https://www.we-online.com/catalog/datasheet/696106003002.pdf
Wurth,830108212909,https://www.we-online.com/catalog/datasheet/830108212909.pdf
Wurth,860010675020,https://www.we-online.com/catalog/datasheet/860010675020.pdf
Wurth,860020372006,https://www.we-online.com/catalog/datasheet/860020372006.pdf
Wurth,860020573008,https://www.we-online.com/catalog/datasheet/860020573008.pdf
Wurth,860020675022,https://www.we-online.com/catalog/datasheet/860020675022.pdf
Wurth,860020778021,https://www.we-online.com/catalog/datasheet/860020778021.pdf
Wurth,860080474010,https://www.we-online.com/catalog/datasheet/860080474010.pdf
Wurth,860080575012,https://www.we-online.com/catalog/datasheet/860080575012.pdf
Wurth,870055674005,https://www.we-online.com/catalog/datasheet/870055674005.pdf
Wurth,885012005056,https://www.we-online.com/catalog/datasheet/885012005056.pdf
Wurth,885012005058,https://www.we-online.com/catalog/datasheet/885012005058.pdf
Wurth,885392005005,https://www.we-online.com/catalog/datasheet/885392005005.pdf
Wurth,885392005011,https://www.we-online.com/catalog/datasheet/885392005011.pdf
Wurth,885392005012,https://www.we-online.com/catalog/datasheet/885392005012.pdf
Wurth,885392005022,https://www.we-online.com/catalog/datasheet/885392005022.pdf
Wurth,885392005022,https://www.we-online.com/catalog/datasheet/885392005022.pdf
Wurth,885392005130,https://www.we-online.com/catalog/datasheet/885392005130.pdf
Wurth,155124YS73200,https://www.we-online.com/catalog/datasheet/155124YS73200.pdf
Wurth,36003160S,https://www.we-online.com/catalog/datasheet/36003160s.pdf
Wurth,36003200S,https://www.we-online.com/catalog/datasheet/36003200S.pdf
Wurth,36103166S,https://www.we-online.com/catalog/datasheet/36103166s.pdf
Wurth,36103205S,https://www.we-online.com/catalog/datasheet/36103205S.pdf
Wurth,744761020A,https://www.we-online.com/catalog/datasheet/744761020A.pdf
Wurth,744765020A,https://www.we-online.com/catalog/datasheet/744765020A.pdf
Wurth,744765033A,https://www.we-online.com/catalog/datasheet/744765033A.pdf
Wurth,744765115A,https://www.we-online.com/catalog/datasheet/744765115A.pdf
Wurth,7447840010G,https://www.we-online.com/catalog/datasheet/7447840010g.pdf
Wurth,7447840018G,https://www.we-online.com/catalog/datasheet/7447840018G.pdf
Wurth,7447840022G,https://www.we-online.com/catalog/datasheet/7447840022G.pdf
Wurth,7447840039G,https://www.we-online.com/catalog/datasheet/7447840039g.pdf
Wurth,7490100111A,https://www.we-online.com/catalog/datasheet/7490100111A.pdf
Wurth,7499010211A,https://www.we-online.com/catalog/datasheet/7499010211A.pdf
wurth,7499010211A,https://www.we-online.com/catalog/datasheet/7499010211A.pdf
Wurth,8231606A,https://www.we-online.com/catalog/datasheet/8231606A.pdf
Wurth,8231706A,https://www.we-online.com/catalog/datasheet/8231706A.pdf
Wurth,8231714A,https://www.we-online.com/catalog/datasheet/8231714A.pdf
Wurth,9774020633R,https://www.we-online.com/catalog/datasheet/9774020633r.pdf
Wurth,9774040243R,https://www.we-online.com/catalog/datasheet/9774040243R.pdf
XKB,U253-051N-4BH89-S1S,http://www.helloxkb.com/public/images/pdf/U253-05XX-4BH89-XXS.pdf
XKB,X1301-B1NIB,https://datasheet.lcsc.com/lcsc/2201121830_XKB-Connectivity-X1301-B1NIB_C2938575.pdf
XKB,X1311WV-03J-C18D27,https://www.helloxkb.com/public/images/pdf/X1311WV-XXJ-C18D27.pdf
XKB,X6511WV-12H-C60D30,https://www.helloxkb.com/public/images/pdf/X6511WV-XXH-C60D30.pdf
Xlsemi,XL1509-5.0E1,https://www.xlsemi.com/datasheet/XL1509-EN.pdf
Yageo,CC0402JRNPO9BN120,https://www.yageo.com/en/Chart/Download/pdf/CC0402JRNPO9BN120
Yageo,CC0402JRNPO9BN150,https://www.yageo.com/en/Chart/Download/pdf/CC0402JRNPO9BN150
Yageo,CC0402JRNPO9BN180,https://www.yageo.com/en/Chart/Download/pdf/CC0402JRNPO9BN180
Yageo,CC0402JRNPO9BN270,https://www.yageo.com/en/Chart/Download/pdf/CC0402JRNPO9BN270
Yageo,CC0402KPX7R9BB104,https://www.yageo.com/en/Chart/Download/pdf/CC0402KPX7R9BB104
Yageo,CC0402KRX7R9BB103,https://www.yageo.com/en/Chart/Download/pdf/CC0402KRX7R9BB103
Yageo,CC0402KRX7R9BB104,https://www.yageo.com/en/Chart/Download/pdf/CC0402KRX7R9BB104
Yageo,CC0603FRNPO9BN120,https://www.yageo.com/en/Chart/Download/pdf/CC0603FRNPO9BN120
Yageo,CC0603FRNPO9BN180,https://www.yageo.com/en/Chart/Download/pdf/CC0603FRNPO9BN180
Yageo,CC0603FRNPO9BN180,https://www.yageo.com/en/Chart/Download/pdf/CC0603FRNPO9BN180
Yageo,CC0603FRNPO9BN220,https://www.yageo.com/en/Chart/Download/pdf/CC0603FRNPO9BN220
Yageo,CC0603FRNPO9BN270,https://www.yageo.com/en/Chart/Download/pdf/CC0603FRNPO9BN270
Yageo,CC0603FRNPO9BN750,https://www.yageo.com/en/Chart/Download/pdf/CC0603FRNPO9BN750
Yageo,CC0603KRX7R7BB105,https://www.yageo.com/en/Chart/Download/pdf/CC0603KRX7R7BB105
Yageo,CC0603KRX7R9BB104,https://www.yageo.com/en/Chart/Download/pdf/CC0603KRX7R9BB104
Yageo,RC0402FR-07100KL,https://www.yageo.com/upload/media/product/productsearch/datasheet/rchip/PYu-RC_Group_51_RoHS_L_12.pdf
Yageo,RC0402FR-07100RL,https://www.yageo.com/upload/media/product/productsearch/datasheet/rchip/PYu-RC_Group_51_RoHS_L_12.pdf
Yageo,RC0402FR-0710KL,https://www.yageo.com/upload/media/product/productsearch/datasheet/rchip/PYu-RC_Group_51_RoHS_L_12.pdf
Yageo,RC0402FR-0710KL,https://www.yageo.com/upload/media/product/productsearch/datasheet/rchip/PYu-RC_Group_51_RoHS_L_12.pdf
Yageo,RC0402FR-0710KL,https://www.yageo.com/upload/media/product/productsearch/datasheet/rchip/PYu-RC_Group_51_RoHS_L_12.pdf
Yageo,RC0402FR-0710ML,https://www.yageo.com/upload/media/product/productsearch/datasheet/rchip/PYu-RC_Group_51_RoHS_L_12.pdf
Yageo,RC0402FR-071KL,https://www.yageo.com/upload/media/product/productsearch/datasheet/rchip/PYu-RC_Group_51_RoHS_L_12.pdf
Yageo,RC0402FR-071KL,https://www.yageo.com/upload/media/product/productsearch/datasheet/rchip/PYu-RC_Group_51_RoHS_L_12.pdf
Yageo,RC0402FR-0720KL,https://www.yageo.com/upload/media/product/productsearch/datasheet/rchip/PYu-RC_Group_51_RoHS_L_12.pdf
Yageo,RC0402FR-0722RL,https://www.yageo.com/upload/media/product/productsearch/datasheet/rchip/PYu-RC_Group_51_RoHS_L_12.pdf
Yageo,RC0402FR-072K49L,https://www.yageo.com/upload/media/product/productsearch/datasheet/rchip/PYu-RC_Group_51_RoHS_L_12.pdf
Yageo,RC0402FR-072K7L,https://www.yageo.com/upload/media/product/productsearch/datasheet/rchip/PYu-RC_Group_51_RoHS_L_12.pdf
Yageo,RC0402FR-072KL,https://www.yageo.com/upload/media/product/productsearch/datasheet/rchip/PYu-RC_Group_51_RoHS_L_12.pdf
Yageo,RC0402FR-07470KL,https://www.yageo.com/upload/media/product/productsearch/datasheet/rchip/Pyu-RC_Group_51_RoHS_L_12.pdf
Yageo,RC0402FR-0747KL,https://www.yageo.com/upload/media/product/productsearch/datasheet/rchip/PYu-RC_Group_51_RoHS_L_12.pdf
Yageo,RC0402FR-07499RL,https://www.yageo.com/upload/media/product/productsearch/datasheet/rchip/PYu-RC_Group_51_RoHS_L_12.pdf
Yageo,RC0402FR-0749K9L,https://www.yageo.com/upload/media/product/productsearch/datasheet/rchip/PYu-RC_Group_51_RoHS_L_12.pdf
Yageo,RC0402FR-074K7L,https://www.yageo.com/upload/media/product/productsearch/datasheet/rchip/PYu-RC_Group_51_RoHS_L_12.pdf
Yageo,RC0402JR-070RL,https://www.yageo.com/upload/media/product/productsearch/datasheet/rchip/PYu-RC_Group_51_RoHS_L_12.pdf
Yageo,RC0402JR-070RL,https://www.yageo.com/upload/media/product/productsearch/datasheet/rchip/PYu-RC_Group_51_RoHS_L_12.pdf
Yageo,RC0603FR-07100KL,https://www.yageo.com/upload/media/product/productsearch/datasheet/rchip/PYu-RC_Group_51_RoHS_L_12.pdf
Yageo,RC0603FR-07100RL,https://www.yageo.com/upload/media/product/productsearch/datasheet/rchip/PYu-RC_Group_51_RoHS_L_12.pdf
Yageo,RC0603FR-07102KL,https://www.yageo.com/upload/media/product/productsearch/datasheet/rchip/PYu-RC_Group_51_RoHS_L_12.pdf
Yageo,RC0603FR-07105KL,https://www.yageo.com/upload/media/product/productsearch/datasheet/rchip/PYu-RC_Group_51_RoHS_L_12.pdf
Yageo,RC0603FR-0710KL,https://www.yageo.com/upload/media/product/productsearch/datasheet/rchip/PYu-RC_Group_51_RoHS_L_12.pdf
Yageo,RC0603FR-07120RL,https://www.yageo.com/upload/media/product/productsearch/datasheet/rchip/PYu-RC_Group_51_RoHS_L_12.pdf
Yageo,RC0603FR-07124KL,https://www.yageo.com/upload/media/product/productsearch/datasheet/rchip/PYu-RC_Group_51_RoHS_L_12.pdf
Yageo,RC0603FR-07130KL,https://www.yageo.com/upload/media/product/productsearch/datasheet/rchip/PYu-RC_Group_51_RoHS_L_12.pdf
Yageo,RC0603FR-0713K3L,https://www.yageo.com/upload/media/product/productsearch/datasheet/rchip/PYu-RC_Group_51_RoHS_L_12.pdf
Yageo,RC0603FR-0713KL,https://www.yageo.com/upload/media/product/productsearch/datasheet/rchip/PYu-RC_Group_51_RoHS_L_12.pdf
Yageo,RC0603FR-07150KL,https://www.yageo.com/upload/media/product/productsearch/datasheet/rchip/PYu-RC_Group_51_RoHS_L_12.pdf
Yageo,RC0603FR-0715KL,https://www.yageo.com/upload/media/product/productsearch/datasheet/rchip/PYu-RC_Group_51_RoHS_L_12.pdf
Yageo,RC0603FR-0716K2L,https://www.yageo.com/upload/media/product/productsearch/datasheet/rchip/Pyu-RC_Group_51_RoHS_L_12.pdf
Yageo,RC0603FR-0718KL,https://www.yageo.com/upload/media/product/productsearch/datasheet/rchip/PYu-RC_Group_51_RoHS_L_12.pdf
Yageo,RC0603FR-071K5L,https://www.yageo.com/upload/media/product/productsearch/datasheet/rchip/PYu-RC_Group_51_RoHS_L_12.pdf
Yageo,RC0603FR-071K8L,https://www.yageo.com/upload/media/product/productsearch/datasheet/rchip/PYu-RC_Group_51_RoHS_L_12.pdf
Yageo,RC0603FR-071KL,https://www.yageo.com/upload/media/product/productsearch/datasheet/rchip/PYu-RC_Group_51_RoHS_L_12.pdf
Yageo,RC0603FR-071ML,https://www.yageo.com/upload/media/product/productsearch/datasheet/rchip/PYu-RC_Group_51_RoHS_L_12.pdf
Yageo,RC0603FR-07200KL,https://www.yageo.com/upload/media/product/productsearch/datasheet/rchip/PYu-RC_Group_51_RoHS_L_12.pdf
Yageo,RC0603FR-0720KL,https://www.yageo.com/upload/media/product/productsearch/datasheet/rchip/PYu-RC_Group_51_RoHS_L_12.pdf
Yageo,RC0603FR-07220RL,https://www.yageo.com/upload/media/product/productsearch/datasheet/rchip/PYu-RC_Group_51_RoHS_L_12.pdf
Yageo,RC0603FR-0722K1L,https://www.yageo.com/upload/media/product/productsearch/datasheet/rchip/PYu-RC_Group_51_RoHS_L_12.pdf
Yageo,RC0603FR-0722KL,https://www.yageo.com/upload/media/product/productsearch/datasheet/rchip/PYu-RC_Group_51_RoHS_L_12.pdf
Yageo,RC0603FR-0722RL,https://www.yageo.com/upload/media/product/productsearch/datasheet/rchip/PYu-RC_Group_51_RoHS_L_12.pdf
Yageo,RC0603FR-07240RL,https://www.yageo.com/upload/media/product/productsearch/datasheet/rchip/PYu-RC_Group_51_RoHS_L_12.pdf
Yageo,RC0603FR-0726K1L,https://www.yageo.com/upload/media/product/productsearch/datasheet/rchip/PYu-RC_Group_51_RoHS_L_12.pdf
Yageo,RC0603FR-0727KL,https://www.yageo.com/upload/media/product/productsearch/datasheet/rchip/PYu-RC_Group_51_RoHS_L_12.pdf
Yageo,RC0603FR-0727RL,https://www.yageo.com/upload/media/product/productsearch/datasheet/rchip/PYu-RC_Group_51_RoHS_L_12.pdf
Yageo,RC0603FR-0728RL,https://www.yageo.com/upload/media/product/productsearch/datasheet/rchip/PYu-RC_Group_51_RoHS_L_12.pdf
Yageo,RC0603FR-072K49L,https://www.yageo.com/upload/media/product/productsearch/datasheet/rchip/PYu-RC_Group_51_RoHS_L_12.pdf
Yageo,RC0603FR-072K7L,https://www.yageo.com/upload/media/product/productsearch/datasheet/rchip/PYu-RC_Group_51_RoHS_L_12.pdf
Yageo,RC0603FR-072KL,https://www.yageo.com/upload/media/product/productsearch/datasheet/rchip/PYu-RC_Group_51_RoHS_L_12.pdf
Yageo,RC0603FR-07300KL,https://www.yageo.com/upload/media/product/productsearch/datasheet/rchip/PYu-RC_Group_51_RoHS_L_12.pdf
Yageo,RC0603FR-0736KL,https://www.yageo.com/upload/media/product/productsearch/datasheet/rchip/PYu-RC_Group_51_RoHS_L_12.pdf
Yageo,RC0603FR-0739KL,https://www.yageo.com/upload/media/product/productsearch/datasheet/rchip/PYu-RC_Group_51_RoHS_L_12.pdf
Yageo,RC0603FR-073K01L,https://www.yageo.com/upload/media/product/productsearch/datasheet/rchip/PYu-RC_Group_51_RoHS_L_12.pdf
Yageo,RC0603FR-07453KL,https://www.yageo.com/upload/media/product/productsearch/datasheet/rchip/PYu-RC_Group_51_RoHS_L_12.pdf
Yageo,RC0603FR-07470KL,https://www.yageo.com/upload/media/product/productsearch/datasheet/rchip/PYu-RC_Group_51_RoHS_L_12.pdf
Yageo,RC0603FR-07470KL,https://www.yageo.com/upload/media/product/productsearch/datasheet/rchip/PYu-RC_Group_51_RoHS_L_12.pdf
Yageo,RC0603FR-07470RL,https://www.yageo.com/upload/media/product/productsearch/datasheet/rchip/PYu-RC_Group_51_RoHS_L_12.pdf
Yageo,RC0603FR-0747KL,https://www.yageo.com/upload/media/product/productsearch/datasheet/rchip/PYu-RC_Group_51_RoHS_L_12.pdf
Yageo,RC0603FR-0747RL,https://www.yageo.com/upload/media/product/productsearch/datasheet/rchip/PYu-RC_Group_51_RoHS_L_12.pdf
Yageo,RC0603FR-07499RL,https://www.yageo.com/upload/media/product/productsearch/datasheet/rchip/PYu-RC_Group_51_RoHS_L_12.pdf
Yageo,RC0603FR-0749K9L,https://www.yageo.com/upload/media/product/productsearch/datasheet/rchip/PYu-RC_Group_51_RoHS_L_12.pdf
Yageo,RC0603FR-0749K9L,https://www.yageo.com/upload/media/product/productsearch/datasheet/rchip/Pyu-RC_Group_51_RoHS_L_12.pdf
Yageo,RC0603FR-0749R9L,https://www.yageo.com/upload/media/product/productsearch/datasheet/rchip/PYu-RC_Group_51_RoHS_L_12.pdf
Yageo,RC0603FR-074K7L,https://www.yageo.com/upload/media/product/productsearch/datasheet/rchip/PYu-RC_Group_51_RoHS_L_12.pdf
Yageo,RC0603FR-07510KL,https://www.yageo.com/upload/media/product/productsearch/datasheet/rchip/PYu-RC_Group_51_RoHS_L_12.pdf
Yageo,RC0603FR-07511KL,https://www.yageo.com/upload/media/product/productsearch/datasheet/rchip/PYu-RC_Group_51_RoHS_L_12.pdf
Yageo,RC0603FR-0751KL,https://www.yageo.com/upload/media/product/productsearch/datasheet/rchip/PYu-RC_Group_51_RoHS_L_12.pdf
Yageo,RC0603FR-0752K3L,https://www.yageo.com/upload/media/product/productsearch/datasheet/rchip/Pyu-RC_Group_51_RoHS_L_12.pdf
Yageo,RC0603FR-075K6L,https://www.yageo.com/upload/media/product/productsearch/datasheet/rchip/PYu-RC_Group_51_RoHS_L_12.pdf
Yageo,RC0603FR-0768KL,https://www.yageo.com/upload/media/product/productsearch/datasheet/rchip/PYu-RC_Group_51_RoHS_L_12.pdf
Yageo,RC0603FR-07698RL,https://www.yageo.com/upload/media/product/productsearch/datasheet/rchip/PYu-RC_Group_51_RoHS_L_12.pdf
Yageo,RC0603FR-0769K8L,https://www.yageo.com/upload/media/product/productsearch/datasheet/rchip/PYu-RC_Group_51_RoHS_L_12.pdf
Yageo,RC0603FR-0775KL,https://www.yageo.com/upload/media/product/productsearch/datasheet/rchip/PYu-RC_Group_51_RoHS_L_12.pdf
Yageo,RC0603FR-0775RL,https://www.yageo.com/upload/media/product/productsearch/datasheet/rchip/PYu-RC_Group_51_RoHS_L_12.pdf
Yageo,RC0603FR-07768KL,https://www.yageo.com/upload/media/product/productsearch/datasheet/rchip/PYu-RC_Group_51_RoHS_L_12.pdf
Yageo,RC0603FR-0782KL,https://www.yageo.com/upload/media/product/productsearch/datasheet/rchip/PYu-RC_Group_51_RoHS_L_12.pdf
Yageo,RC0603FR-07910KL,https://www.yageo.com/upload/media/product/productsearch/datasheet/rchip/PYu-RC_Group_51_RoHS_L_12.pdf
Yageo,RC0603FR-07910RL,https://www.yageo.com/upload/media/product/productsearch/datasheet/rchip/PYu-RC_Group_51_RoHS_L_12.pdf
Yageo,RC0603FR-079K53L,https://www.yageo.com/upload/media/product/productsearch/datasheet/rchip/PYu-RC_Group_51_RoHS_L_12.pdf
Yageo,RC0603JR-070RL,https://www.yageo.com/upload/media/product/productsearch/datasheet/rchip/PYu-RC_Group_51_RoHS_L_12.pdf
Yageo,RC0805FR-07330RL,https://www.yageo.com/upload/media/product/productsearch/datasheet/rchip/PYu-RC_Group_51_RoHS_L_12.pdf
Yageo,RC1206FR-0710KL,https://www.yageo.com/upload/media/product/productsearch/datasheet/rchip/PYu-RC_Group_51_RoHS_L_12.pdf
Yageo,RC1206FR-0710ML,https://www.yageo.com/upload/media/product/productsearch/datasheet/rchip/PYu-RC_Group_51_RoHS_L_12.pdf
Yageo,RC1206FR-071KL,https://www.yageo.com/upload/media/product/productsearch/datasheet/rchip/PYu-RC_Group_51_RoHS_L_12.pdf
Yageo,RC1206FR-072RL,https://www.yageo.com/upload/media/product/productsearch/datasheet/rchip/PYu-RC_Group_51_RoHS_L_12.pdf
Yageo,RC1206FR-07330KL,https://www.yageo.com/upload/media/product/productsearch/datasheet/rchip/PYu-RC_Group_51_RoHS_L_12.pdf
Yageo,RC1206JR-070RL,https://www.yageo.com/upload/media/product/productsearch/datasheet/rchip/PYu-RC_Group_51_RoHS_L_12.pdf
Yageo,RC2010FK-074R7L,https://www.yageo.com/upload/media/product/productsearch/datasheet/rchip/PYu-RC_Group_51_RoHS_L_12.pdf
Yageo,RC2010FK-076R2L,https://www.yageo.com/upload/media/product/productsearch/datasheet/rchip/PYu-RC_Group_51_RoHS_L_12.pdf
Yageo,RC2512FK-071R8L,https://www.yageo.com/upload/media/product/productsearch/datasheet/rchip/PYu-RC_Group_51_RoHS_L_12.pdf
Yageo,RC2512FK-071RL,https://www.yageo.com/upload/media/product/productsearch/datasheet/rchip/PYu-RC_Group_51_RoHS_L_12.pdf
Yageo,RC2512FK-073R3L,https://www.yageo.com/upload/media/product/productsearch/datasheet/rchip/PYu-RC_Group_51_RoHS_L_12.pdf
Yageo,RC2512FK-074K7L,https://www.yageo.com/upload/media/product/productsearch/datasheet/rchip/PYu-RC_Group_51_RoHS_L_12.pdf
Yageo,RC2512JK-070RL,https://www.yageo.com/upload/media/product/productsearch/datasheet/rchip/PYu-RC_Group_51_RoHS_L_12.pdf
YXDZ,YX7525P,https://cdn.ozdisan.com/Eticaret_Dosya/504754_7968202.pdf
Zeming,ZEMCT131,https://www.micro-transformer.com/mini-pcb-mounting-current-transformer-ZEMCT131.html
Zeming,ZEMCT131A,https://www.micro-transformer.com/pcb-mounting-ct-ZEMCT131A.html
